 Cadence Genus(TM) Synthesis Solution.
Copyright 2023 Cadence Design Systems, Inc. All rights reserved worldwide.
Cadence and the Cadence logo are registered trademarks and Genus is a trademark
of Cadence Design Systems, Inc. in the United States and other countries.

[13:37:22.003478] Configured Lic search path (21.01-s002): 5280@ece-itop-licsvr.ece.ufl.edu:27000@licsvr.ece.ufl.edu:27002@licsvr.ece.ufl.edu:1717@ece-itop-licsvr.ece.ufl.edu:1055@ece-itop-licsvr.ece.ufl.edu:28001@licsvr.ece.ufl.edu

Version: 21.17-s066_1, built Wed Mar 15 06:43:30 PDT 2023
Options: -files syn.tcl 
Date:    Tue Sep 29 13:37:22 2026
Host:    ece-lnx-05 (x86_64 w/Linux 4.18.0-553.155.1.el8_10.x86_64) (64cores*128cpus*1physical cpu*AMD EPYC 7662 64-Core Processor 512KB) (527531176KB)
PID:     2664282
OS:      Red Hat Enterprise Linux release 8.10 (Ootpa)


[13:37:22.361464] Periodic Lic check successful
[13:37:22.361472] Feature usage summary:
[13:37:22.361472] Genus_Synthesis
Checking out license: Genus_Synthesis


***********************************************************************************************************
***********************************************************************************************************



Loading tool scripts...
Finished loading tool scripts (9 seconds elapsed).

#@ Processing -files option
@genus 1> source syn.tcl
#@ Begin verbose source ./syn.tcl
@file(syn.tcl) 1: set LIBPATH "$env(HOME)/Desktop/RTL/iir/pdk"
@file(syn.tcl) 3: set_db init_lib_search_path $LIBPATH
@file(syn.tcl) 4: set_db library {NangateOpenCellLibrary_typical.lib}

Threads Configured:3

  Message Summary for Library NangateOpenCellLibrary_typical.lib:
  ***************************************************************
  An unsupported construct was detected in this library. [LBR-40]: 3
  ***************************************************************
 
Info    : Created nominal operating condition. [LBR-412]
        : Operating condition '_nominal_' was created for the PVT values (1.000000, 1.100000, 25.000000) in library 'NangateOpenCellLibrary_typical.lib'.
        : The nominal operating condition is represented, either by the nominal PVT values specified in the library source (via nom_process,nom_voltage and nom_temperature respectively), or by the default PVT values (1.0,1.0,1.0).
Warning : Library cell has no output pins defined. [LBR-9]
        : Library cell 'ANTENNA_X1' must have an output pin.
        : Add the missing output pin(s), then reload the library. Else the library cell will be marked as timing model i.e. unusable. Timing_model means that the cell does not have any defined function. If there is no output pin, Genus will mark library cell as unusable i.e. the attribute 'usable' will be marked to 'false' on the libcell. Therefore, the cell is not used for mapping and it will not be picked up from the library for synthesis. If you query the attribute 'unusable_reason' on the libcell; result will be: 'Library cell has no output pins.'Note: The message LBR-9 is only for the logical pins and not for the power_ground pins. Genus will depend upon the output function defined in the pin group (output pin) of the cell, to use it for mapping. The pg_pin will not have any function defined.
Warning : Library cell has no output pins defined. [LBR-9]
        : Library cell 'ANTENNA_X1' must have an output pin.
Warning : Library cell has no output pins defined. [LBR-9]
        : Library cell 'FILLCELL_X1' must have an output pin.
Warning : Library cell has no output pins defined. [LBR-9]
        : Library cell 'FILLCELL_X1' must have an output pin.
Warning : Library cell has no output pins defined. [LBR-9]
        : Library cell 'TAPCELL_X1' must have an output pin.
Warning : Library cell has no output pins defined. [LBR-9]
        : Library cell 'TAPCELL_X1' must have an output pin.
Warning : Library cell has no output pins defined. [LBR-9]
        : Library cell 'FILLCELL_X2' must have an output pin.
Warning : Library cell has no output pins defined. [LBR-9]
        : Library cell 'FILLCELL_X2' must have an output pin.
Warning : Library cell has no output pins defined. [LBR-9]
        : Library cell 'FILLCELL_X4' must have an output pin.
Warning : Library cell has no output pins defined. [LBR-9]
        : Library cell 'FILLCELL_X4' must have an output pin.
Warning : Library cell has no output pins defined. [LBR-9]
        : Library cell 'FILLCELL_X8' must have an output pin.
Warning : Library cell has no output pins defined. [LBR-9]
        : Library cell 'FILLCELL_X8' must have an output pin.
Warning : Library cell has no output pins defined. [LBR-9]
        : Library cell 'FILLCELL_X16' must have an output pin.
Warning : Library cell has no output pins defined. [LBR-9]
        : Library cell 'FILLCELL_X16' must have an output pin.
Warning : Library cell has no output pins defined. [LBR-9]
        : Library cell 'FILLCELL_X32' must have an output pin.
Warning : Library cell has no output pins defined. [LBR-9]
        : Library cell 'FILLCELL_X32' must have an output pin.
  Setting attribute of root '/': 'library' = NangateOpenCellLibrary_typical.lib
@file(syn.tcl) 6: read_hdl { src/biquad.v src/cascade_biquad.v }
@file(syn.tcl) 7: elaborate cascade_biquad
Warning : Non-monotonic wireload model found. [LBR-81]
        : 'Length' table in wireload model '5K_hvratio_1_1' is non-monotonic.
        : Non-monotonic wireload models can cause problems during synthesis and/or mapping.  Raising some of the points in the curve to give it a monotonic shape.
Warning : Non-monotonic wireload model found. [LBR-81]
        : 'Length' table in wireload model '5K_hvratio_1_2' is non-monotonic.
Warning : Non-monotonic wireload model found. [LBR-81]
        : 'Length' table in wireload model '5K_hvratio_1_4' is non-monotonic.
Warning : Non-monotonic wireload model found. [LBR-81]
        : 'Length' table in wireload model '3K_hvratio_1_1' is non-monotonic.
Warning : Non-monotonic wireload model found. [LBR-81]
        : 'Length' table in wireload model '3K_hvratio_1_2' is non-monotonic.
Warning : Non-monotonic wireload model found. [LBR-81]
        : 'Length' table in wireload model '3K_hvratio_1_2' is non-monotonic.
Warning : Non-monotonic wireload model found. [LBR-81]
        : 'Length' table in wireload model '3K_hvratio_1_2' is non-monotonic.
Warning : Non-monotonic wireload model found. [LBR-81]
        : 'Length' table in wireload model '3K_hvratio_1_4' is non-monotonic.
Warning : Non-monotonic wireload model found. [LBR-81]
        : 'Length' table in wireload model '1K_hvratio_1_1' is non-monotonic.
Warning : Non-monotonic wireload model found. [LBR-81]
        : 'Length' table in wireload model '1K_hvratio_1_2' is non-monotonic.
Warning : Non-monotonic wireload model found. [LBR-81]
        : 'Length' table in wireload model '1K_hvratio_1_4' is non-monotonic.
Info    : Elaborating Design. [ELAB-1]
        : Elaborating top-level block 'cascade_biquad' from file 'src/cascade_biquad.v'.
Info    : Done Elaborating Design. [ELAB-3]
        : Done elaborating 'cascade_biquad'.
Checking for analog nets...
Check completed for analog nets.
Checking for source RTL...
Check completed for source RTL.
Running Unified Mux Engine Tricks...
Completed Unified Mux Engine Tricks

Stage: post_elab
--------------------------------------------------------
| Trick             | Accepts | Rejects | Runtime (ms) | 
--------------------------------------------------------
| ume_constant_bmux |       0 |       0 |         1.00 | 
--------------------------------------------------------
Starting clip mux common data inputs [v1.0] (stage: post_elab, startdef: cascade_biquad, recur: true)
Completed clip mux common data inputs (accepts: 0, rejects: 0, runtime: 0.000s)
Starting clip the non-user hierarchies [v2.0] (stage: post_elab, startdef: cascade_biquad, recur: true)
Completed clip the non-user hierarchies (accepts: 0, rejects: 0, runtime: 0.000s)

Stage: post_elab
---------------------------------------------------------
| Transform          | Accepts | Rejects | Runtime (ms) | 
---------------------------------------------------------
| hlo_clip_mux_input |       0 |       0 |         0.00 | 
| hlo_clip           |       0 |       0 |         0.00 | 
---------------------------------------------------------
UM:   flow.cputime  flow.realtime  timing.setup.tns  timing.setup.wns  snapshot
UM:*                                                                   elaborate
@file(syn.tcl) 10: create_clock -name clk -period 4.0 [get_ports clk]
@file(syn.tcl) 11: set_input_delay  0.5 -clock clk [remove_from_collection [all_inputs] [get_ports clk]]
@file(syn.tcl) 12: set_output_delay 0.5 -clock clk [all_outputs]
@file(syn.tcl) 13: set_load 0.02 [all_outputs]
@file(syn.tcl) 16: syn_generic

Stage: pre_early_cg
------------------------------------------------
| Transform | Accepts | Rejects | Runtime (ms) | 
------------------------------------------------
------------------------------------------------
##Generic Timing Info for library domain: _default_ typical gate delay: 104.3 ps std_slew: 4.4 ps std_load: 4.1 fF
Starting mux data reorder optimization [v1.0] (stage: pre_to_gen_setup, startdef: cascade_biquad, recur: true)
Completed mux data reorder optimization (accepts: 0, rejects: 0, runtime: 0.003s)

Stage: pre_to_gen_setup
------------------------------------------------------
| Transform       | Accepts | Rejects | Runtime (ms) | 
------------------------------------------------------
| hlo_mux_reorder |       0 |       0 |         3.00 | 
------------------------------------------------------
Info    : Synthesizing. [SYNTH-1]
        : Synthesizing 'cascade_biquad' to generic gates using 'medium' effort.
PBS_Generic-Start - Elapsed_Time 0, CPU_Time 0.0
stamp 'PBS_Generic-Start' being created for table 'pbs_debug'

  Total Time (Wall) |  Stage Time (Wall)  |   % (Wall)   |    Date - Time     |  Memory   | Stage
--------------------+---------------------+--------------+--------------------+-----------+----------------------
 00:00:11(00:00:08) |  00:00:00(00:00:00) |   0.0(  0.0) |   13:37:35 (Sep29) |  414.3 MB | PBS_Generic-Start
--------------------+---------------------+--------------+--------------------+-----------+----------------------
Number of threads: 8 * 1   (id: pbs_debug, time_info v1.57)
Info: (*N*) indicates data that was populated from previously saved time_info database
Info: CPU time includes time of parent + longest thread
TNS Restructuring config: no_value at stage: generic applied.
Info    : Partition Based Synthesis execution skipped. [PHYS-752]
        : Design size is less than the partition size '100000' for distributed generic optimization to kick in.
Starting mux data reorder optimization [v1.0] (stage: pre_to_gen_setup, startdef: cascade_biquad, recur: true)
Completed mux data reorder optimization (accepts: 0, rejects: 0, runtime: 0.011s)

Stage: pre_to_gen_setup
------------------------------------------------------
| Transform       | Accepts | Rejects | Runtime (ms) | 
------------------------------------------------------
| hlo_mux_reorder |       0 |       0 |        11.00 | 
------------------------------------------------------
Starting mux data reorder optimization [v1.0] (stage: post_to_gen_setup, startdef: cascade_biquad, recur: true)
Completed mux data reorder optimization (accepts: 0, rejects: 0, runtime: 0.004s)

Stage: post_to_gen_setup
------------------------------------------------------
| Transform       | Accepts | Rejects | Runtime (ms) | 
------------------------------------------------------
| hlo_mux_reorder |       0 |       0 |         4.00 | 
------------------------------------------------------
Running Unified Mux Engine Tricks...
Completed Unified Mux Engine Tricks

Stage: pre_hlo_rtlopt
--------------------------------------------
| Trick | Accepts | Rejects | Runtime (ms) | 
--------------------------------------------
--------------------------------------------
Starting infer macro optimization [v1.0] (stage: pre_rtlopt, startdef: cascade_biquad, recur: true)
Completed infer macro optimization (accepts: 0, rejects: 16, runtime: 0.033s)
Starting decode mux sandwich optimization [v2.0] (stage: pre_rtlopt, startdef: cascade_biquad, recur: true)
Completed decode mux sandwich optimization (accepts: 0, rejects: 0, runtime: 0.000s)
Starting decode mux optimization [v1.0] (stage: pre_rtlopt, startdef: cascade_biquad, recur: true)
Completed decode mux optimization (accepts: 0, rejects: 0, runtime: 0.000s)
Starting chop wide muxes [v1.0] (stage: pre_rtlopt, startdef: cascade_biquad, recur: true)
Completed chop wide muxes (accepts: 0, rejects: 0, runtime: 0.001s)
Starting common data mux cascade opt [v1.0] (stage: pre_rtlopt, startdef: cascade_biquad, recur: true)
Completed common data mux cascade opt (accepts: 0, rejects: 0, runtime: 0.000s)
Starting mux input consolidation [v1.0] (stage: pre_rtlopt, startdef: cascade_biquad, recur: true)
Completed mux input consolidation (accepts: 0, rejects: 0, runtime: 0.000s)
Starting constant-data mux optimization [v1.0] (stage: pre_rtlopt, startdef: cascade_biquad, recur: true)
Completed constant-data mux optimization (accepts: 0, rejects: 0, runtime: 0.000s)
Starting chain-to-tree inequality transform [v2.0] (stage: pre_rtlopt, startdef: cascade_biquad, recur: true)
Completed chain-to-tree inequality transform (accepts: 0, rejects: 0, runtime: 0.035s)
Starting reconvergence optimization [v1.0] (stage: pre_rtlopt, startdef: cascade_biquad, recur: true)
Completed reconvergence optimization (accepts: 0, rejects: 0, runtime: 0.000s)
Starting logic restructure optimization [v1.0] (stage: pre_rtlopt, startdef: cascade_biquad, recur: true)
Completed logic restructure optimization (accepts: 0, rejects: 0, runtime: 0.001s)
Starting common select mux optimization [v1.0] (stage: pre_rtlopt, startdef: cascade_biquad, recur: true)
Completed common select mux optimization (accepts: 0, rejects: 0, runtime: 0.000s)
Starting identity transform [v3.0] (stage: pre_rtlopt, startdef: cascade_biquad, recur: true)
Completed identity transform (accepts: 0, rejects: 0, runtime: 0.001s)
Starting reduce operator chain [v1.0] (stage: pre_rtlopt, startdef: cascade_biquad, recur: true)
Completed reduce operator chain (accepts: 0, rejects: 0, runtime: 0.001s)
Starting common data mux cascade opt [v1.0] (stage: pre_rtlopt, startdef: cascade_biquad, recur: true)
Completed common data mux cascade opt (accepts: 0, rejects: 0, runtime: 0.000s)
Starting mux input consolidation [v1.0] (stage: pre_rtlopt, startdef: cascade_biquad, recur: true)
Completed mux input consolidation (accepts: 0, rejects: 0, runtime: 0.000s)
Starting optimize datapath elements [v1.0] (stage: pre_rtlopt, startdef: cascade_biquad, recur: true)
Completed optimize datapath elements (accepts: 0, rejects: 0, runtime: 0.001s)
Starting datapath recasting [v1.0] (stage: pre_rtlopt, startdef: cascade_biquad, recur: true)
Completed datapath recasting (accepts: 0, rejects: 0, runtime: 0.000s)
Starting clip mux common data inputs [v1.0] (stage: pre_rtlopt, startdef: cascade_biquad, recur: true)
Completed clip mux common data inputs (accepts: 0, rejects: 0, runtime: 0.000s)
Starting clip the non-user hierarchies [v2.0] (stage: pre_rtlopt, startdef: cascade_biquad, recur: true)
Completed clip the non-user hierarchies (accepts: 0, rejects: 0, runtime: 0.000s)

Stage: pre_rtlopt
----------------------------------------------------------------
| Transform                 | Accepts | Rejects | Runtime (ms) | 
----------------------------------------------------------------
| hlo_infer_macro           |       0 |      16 |        33.00 | 
| hlo_decode_mux_sandwich   |       0 |       0 |         0.00 | 
| hlo_mux_decode            |       0 |       0 |         0.00 | 
| hlo_chop_mux              |       0 |       0 |         1.00 | 
| hlo_mux_cascade_opt       |       0 |       0 |         0.00 | 
| hlo_mux_consolidation     |       0 |       0 |         0.00 | 
| hlo_constant_mux_opt      |       0 |       0 |         0.00 | 
| hlo_inequality_transform  |       0 |       0 |        35.00 | 
| hlo_reconv_opt            |       0 |       0 |         0.00 | 
| hlo_restructure           |       0 |       0 |         1.00 | 
| hlo_common_select_muxopto |       0 |       0 |         0.00 | 
| hlo_identity_transform    |       0 |       0 |         1.00 | 
| hlo_reduce_operator_chain |       0 |       0 |         1.00 | 
| hlo_mux_cascade_opt       |       0 |       0 |         0.00 | 
| hlo_mux_consolidation     |       0 |       0 |         0.00 | 
| hlo_optimize_datapath     |       0 |       0 |         1.00 | 
| hlo_datapath_recast       |       0 |       0 |         0.00 | 
| hlo_clip_mux_input        |       0 |       0 |         0.00 | 
| hlo_clip                  |       0 |       0 |         0.00 | 
----------------------------------------------------------------
Running Unified Mux Engine Tricks...
Completed Unified Mux Engine Tricks

Stage: post_hlo_rtlopt
--------------------------------------------------
| Trick       | Accepts | Rejects | Runtime (ms) | 
--------------------------------------------------
| ume_runtime |       0 |       0 |         0.00 | 
--------------------------------------------------
Number of big hc bmuxes before = 0
Info    : Pre-processed datapath logic. [DPOPT-6]
        : Pre-processing optimizations applied to datapath logic in 'cascade_biquad':
          live_trim(8) msb_trim(4) 
Info    : Optimizing datapath logic. [DPOPT-1]
        : Optimizing datapath logic in 'cascade_biquad'.
Info    : Implementing datapath configurations. [DPOPT-3]
        : Implementing datapath configurations for 'CDN_DP_region_0_0'
CSAGen Prep Share:0 Re-Write:0 Speculation: 0
MaxCSA: Successfully built Maximal CSA Expression Expr0
MaxCSA: Successfully built Maximal CSA Expression Expr1
MaxCSA: Successfully built Maximal CSA Expression Expr2
MaxCSA: Successfully built Maximal CSA Expression Expr3
CDN_DP_region_0_0 level = 0 loads = 0 drivers = 0
CDN_DP_region_0_0_c0 in cascade_biquad: area: 23626156100 ,dp = 44 mux = 16 sg = slow         worst_clk_period: -1.0000 
    wns: 229174  norm_wns:  -1.0000 
    fail_endp: -1 
    tns:  9558796  tns_per_endp:  -1.0000   norm_tns_per_endp:  -1.0000 
    tns_sense_max:  -1.0000  tns_sense_avg:  -1.0000   tns_sense_num: -1
    power:  -9223372036854775808  
 skipped
CDN_DP_region_0_0_c1 in cascade_biquad: area: 17142154350 ,dp = 8 mux = 8 sg = fast         worst_clk_period: -1.0000 
    wns: 177420  norm_wns:  -1.0000 
    fail_endp: -1 
    tns:  7470176  tns_per_endp:  -1.0000   norm_tns_per_endp:  -1.0000 
    tns_sense_max:  -1.0000  tns_sense_avg:  -1.0000   tns_sense_num: -1
    power:  -9223372036854775808  
 is current best
CDN_DP_region_0_0_c2 in cascade_biquad: area: 17142154350 ,dp = 8 mux = 8 sg = very_slow    worst_clk_period: -1.0000 
    wns: 177420  norm_wns:  -1.0000 
    fail_endp: -1 
    tns:  7470176  tns_per_endp:  -1.0000   norm_tns_per_endp:  -1.0000 
    tns_sense_max:  -1.0000  tns_sense_avg:  -1.0000   tns_sense_num: -1
    power:  -9223372036854775808  
 is current best
CDN_DP_region_0_0_c3 in cascade_biquad: area: 23385447000 ,dp = 18 mux = 18 sg = very_fast    worst_clk_period: -1.0000 
    wns: 134662  norm_wns:  -1.0000 
    fail_endp: -1 
    tns:  5701456  tns_per_endp:  -1.0000   norm_tns_per_endp:  -1.0000 
    tns_sense_max:  -1.0000  tns_sense_avg:  -1.0000   tns_sense_num: -1
    power:  -9223372036854775808  
 is current best
CDN_DP_region_0_0_c4 in cascade_biquad: area: 23385447000 ,dp = 18 mux = 18 sg = very_fast    worst_clk_period: -1.0000 
    wns: 134662  norm_wns:  -1.0000 
    fail_endp: -1 
    tns:  5701456  tns_per_endp:  -1.0000   norm_tns_per_endp:  -1.0000 
    tns_sense_max:  -1.0000  tns_sense_avg:  -1.0000   tns_sense_num: -1
    power:  -9223372036854775808  
 is current best
CDN_DP_region_0_0_c5 in cascade_biquad: area: 20280140200 ,dp = 21 mux = 18 sg = very_fast    worst_clk_period: -1.0000 
    wns: 148937  norm_wns:  -1.0000 
    fail_endp: -1 
    tns:  5936864  tns_per_endp:  -1.0000   norm_tns_per_endp:  -1.0000 
    tns_sense_max:  -1.0000  tns_sense_avg:  -1.0000   tns_sense_num: -1
    power:  -9223372036854775808  

CDN_DP_region_0_0_c6 in cascade_biquad: area: 17323881750 ,dp = 8 mux = 16 sg = very_fast    worst_clk_period: -1.0000 
    wns: 169932  norm_wns:  -1.0000 
    fail_endp: -1 
    tns:  7125728  tns_per_endp:  -1.0000   norm_tns_per_endp:  -1.0000 
    tns_sense_max:  -1.0000  tns_sense_avg:  -1.0000   tns_sense_num: -1
    power:  -9223372036854775808  

CDN_DP_region_0_0_c7 in cascade_biquad: area: 17820443900 ,dp = 17 mux = 16 sg = very_fast    worst_clk_period: -1.0000 
    wns: 130646  norm_wns:  -1.0000 
    fail_endp: -1 
    tns:  5209408  tns_per_endp:  -1.0000   norm_tns_per_endp:  -1.0000 
    tns_sense_max:  -1.0000  tns_sense_avg:  -1.0000   tns_sense_num: -1
    power:  -9223372036854775808  
 is current best
Best config: CDN_DP_region_0_0_c7 in cascade_biquad: area: 17820443900 ,dp = 17 mux = 16 sg = very_fast    worst_clk_period: -1.0000 
    wns: 130646  norm_wns:  -1.0000 
    fail_endp: -1 
    tns:  5209408  tns_per_endp:  -1.0000   norm_tns_per_endp:  -1.0000 
    tns_sense_max:  -1.0000  tns_sense_avg:  -1.0000   tns_sense_num: -1
    power:  -9223372036854775808  
  Smallest config area : 17142154350.  Fastest config wns;  130646
##>+----------------------------------------------------------------------------------------------------------------------------------------------------------------+
##>Summary table of configs (Best config is CDN_DP_region_0_0_c7)
##>+----------------------------------------------------------------------------------------------------------------------------------------------------------------+
##>                     0                  1                  2                  3                  4                  5                  6                  7            
##>+----------------------------------------------------------------------------------------------------------------------------------------------------------------+
##>           Area      23626156100        17142154350        17142154350        23385447000        23385447000        20280140200        17323881750        17820443900  
##>            WNS        -22917.40          -17742.00          -17742.00          -13466.20          -13466.20          -14893.70          -16993.20          -13064.60  
##>            TNS          9558796            7470176            7470176            5701456            5701456            5936864            7125728            5209408  
##>    Num Rewrite                0                  0                  0                  2                  2                  0                  0                  0  
##>     Num Factor                0                  0                  0                  4                  4                  0                  0                  0  
##>      Num Share                0                  0                  0                  0                  0                  0                  0                  0  
##>   Num CmultCse                0                  0                  0                  0                  0                  0                  0                  0  
##>   Num Downsize                0                  0                  0                  0                  0                  0                  0                  0  
##>  Num Speculate                0                  0                  0                  6                  6                  8                  0                  6  
##>     Runtime(s)                0                  5                  4                 27                 25                  6                  4                 27  
+----------------------------------------------------------------------------------------------------------------------------------------------------------------+
##>
##>
##>+-----------------------------------------------------------------------------------------------------------------------------------------------------------------------------------------------------+
##>Optimization Step DEBUG Table for config CDN_DP_region_0_0_c7
##>
##>                          Step                        Area   (  % Chg)         WNS (Change)          TNS (Change)                Power   (  % Chg)        Runtime (s)        Comment                   
##>+-----------------------------------------------------------------------------------------------------------------------------------------------------------------------------------------------------+
##>EquationExtraction              START            23626156100 (       )    -22917.40 (        )    9558796 (        )                    0 (       )              
##> rewrite                        START            45020572200 ( +90.55)    -22549.50 ( +367.90)    9711204 (  152408)                    0 (  +0.00)              (a,ar) Expr0_from --> Expr0_to
##>                                  END            85774535750 ( +90.52)    -25186.40 (-2636.90)   11592105 ( 1880901)                    0 (  +0.00)           2  
##> rewrite                        START            85774535750 (  +0.00)    -25186.40 (   +0.00)   11592105 (       0)                    0 (  +0.00)              (a,ar) Expr1_from --> Expr1_to
##>                                  END           121770907850 ( +41.97)    -27053.40 (-1867.00)   12460707 (  868602)                    0 (  +0.00)           2  
##> rewrite                        START           121770907850 (  +0.00)    -27053.40 (   +0.00)   12460707 (       0)                    0 (  +0.00)              (a,ar) Expr2_from --> Expr2_to
##>                                  END           158081317650 ( +29.82)    -28717.40 (-1664.00)   12933003 (  472296)                    0 (  +0.00)           2  
##> rewrite                        START           158081317650 (  +0.00)    -28717.40 (   +0.00)   12933003 (       0)                    0 (  +0.00)              (a,ar) Expr3_from --> Expr3_to
##>                                  END           195454195100 ( +23.64)    -30385.20 (-1667.80)   13137694 (  204691)                    0 (  +0.00)           2  
##>                                  END           172935938500 (+631.97)    -26917.20 (-3999.80)   11417050 ( 1858254)                    0 (  +0.00)          17  
##>createMaxCarrySave              START            53143308750 ( -69.27)    -26360.20 ( +557.00)   11083948 ( -333102)                    0 (  +0.00)              
##> datapath_rewrite_one_def       START            53143308750 (  +0.00)    -26360.20 (   +0.00)   11083948 (       0)                    0 (  +0.00)              
##>                                  END            53143308750 (  +0.00)    -26360.20 (   +0.00)   11083948 (       0)                    0 (  +0.00)           0  
##> speculate_in_gdef              START            53143308750 (  +0.00)    -26360.20 (   +0.00)   11083948 (       0)                    0 (  +0.00)              
##>  pre_speculate_mux_merge       START            53143308750 (  +0.00)    -26360.20 (   +0.00)   11083948 (       0)                    0 (  +0.00)              
##>                                  END            53143308750 (  +0.00)    -26360.20 (   +0.00)   11083948 (       0)                    0 (  +0.00)           0  
##>  createMaxCarrySave            START            53442999550 (  +0.56)    -26061.50 ( +298.70)   10892780 ( -191168)                    0 (  +0.00)              
##>   datapath_rewrite_one_def     START            53442999550 (  +0.00)    -26061.50 (   +0.00)   10892780 (       0)                    0 (  +0.00)              
##>    fast_cse_elim               START            53442999550 (  +0.00)    -26061.50 (   +0.00)   10892780 (       0)                    0 (  +0.00)              
##>                                  END            53442999550 (  +0.00)    -26061.50 (   +0.00)   10892780 (       0)                    0 (  +0.00)           0  
##>    fast_cse_elim               START            53442999550 (  +0.00)    -26061.50 (   +0.00)   10892780 (       0)                    0 (  +0.00)              
##>                                  END            53442999550 (  +0.00)    -26061.50 (   +0.00)   10892780 (       0)                    0 (  +0.00)           0  
##>                                  END            53442999550 (  +0.00)    -26061.50 (   +0.00)   10892780 (       0)                    0 (  +0.00)           0  
##>   csa_opto                     START            53442999550 (  +0.00)    -26061.50 (   +0.00)   10892780 (       0)                    0 (  +0.00)              
##>                                  END            53442999550 (  +0.00)    -26061.50 (   +0.00)   10892780 (       0)                    0 (  +0.00)           0  
##>                                  END            53442999550 (  +0.00)    -26061.50 (   +0.00)   10892780 (       0)                    0 (  +0.00)           0  
##>  createMaxCarrySave            START            45559378000 ( -14.75)    -23746.10 (+2315.40)    9455948 (-1436832)                    0 (  +0.00)              
##>   datapath_rewrite_one_def     START            45559378000 (  +0.00)    -23746.10 (   +0.00)    9455948 (       0)                    0 (  +0.00)              
##>    fast_cse_elim               START            45559378000 (  +0.00)    -23746.10 (   +0.00)    9455948 (       0)                    0 (  +0.00)              
##>                                  END            45559378000 (  +0.00)    -23746.10 (   +0.00)    9455948 (       0)                    0 (  +0.00)           0  
##>    fast_cse_elim               START            45559378000 (  +0.00)    -23746.10 (   +0.00)    9455948 (       0)                    0 (  +0.00)              
##>                                  END            45559378000 (  +0.00)    -23746.10 (   +0.00)    9455948 (       0)                    0 (  +0.00)           0  
##>                                  END            45559378000 (  +0.00)    -23746.10 (   +0.00)    9455948 (       0)                    0 (  +0.00)           0  
##>   csa_opto                     START            45559378000 (  +0.00)    -23746.10 (   +0.00)    9455948 (       0)                    0 (  +0.00)              
##>                                  END            45559378000 (  +0.00)    -23746.10 (   +0.00)    9455948 (       0)                    0 (  +0.00)           0  
##>                                  END            45559378000 (  +0.00)    -23746.10 (   +0.00)    9455948 (       0)                    0 (  +0.00)           0  
##>  createMaxCarrySave            START            37454973600 ( -17.79)    -20975.80 (+2770.30)    8171228 (-1284720)                    0 (  +0.00)              
##>   datapath_rewrite_one_def     START            37454973600 (  +0.00)    -20975.80 (   +0.00)    8171228 (       0)                    0 (  +0.00)              
##>    fast_cse_elim               START            37454973600 (  +0.00)    -20975.80 (   +0.00)    8171228 (       0)                    0 (  +0.00)              
##>                                  END            37454973600 (  +0.00)    -20975.80 (   +0.00)    8171228 (       0)                    0 (  +0.00)           0  
##>    fast_cse_elim               START            37454973600 (  +0.00)    -20975.80 (   +0.00)    8171228 (       0)                    0 (  +0.00)              
##>                                  END            37454973600 (  +0.00)    -20975.80 (   +0.00)    8171228 (       0)                    0 (  +0.00)           0  
##>                                  END            37454973600 (  +0.00)    -20975.80 (   +0.00)    8171228 (       0)                    0 (  +0.00)           0  
##>   csa_opto                     START            37454973600 (  +0.00)    -20975.80 (   +0.00)    8171228 (       0)                    0 (  +0.00)              
##>                                  END            37454973600 (  +0.00)    -20975.80 (   +0.00)    8171228 (       0)                    0 (  +0.00)           0  
##>                                  END            37454973600 (  +0.00)    -20975.80 (   +0.00)    8171228 (       0)                    0 (  +0.00)           0  
##>                                  END            28936900250 ( -45.55)    -18448.90 (+7911.30)    7362620 (-3721328)                    0 (  +0.00)           2  
##> csa_opto                       START            28936900250 (  +0.00)    -18448.90 (   +0.00)    7362620 (       0)                    0 (  +0.00)              
##>                                  END            19209702050 ( -33.62)    -14150.10 (+4298.80)    5764672 (-1597948)                    0 (  +0.00)           0  
##>                                  END            19209702050 ( -63.85)    -14150.10 (+12210.10)    5764672 (-5319276)                    0 (  +0.00)           2  
##>canonicalize_by_names           START            19209702050 (  +0.00)    -14150.10 (   +0.00)    5764672 (       0)                    0 (  +0.00)              
##>                                  END            19209702050 (  +0.00)    -14150.10 (   +0.00)    5764672 (       0)                    0 (  +0.00)           0  
##>datapath_rewrite_post_csa_one_  START            19209702050 (  +0.00)    -14150.10 (   +0.00)    5764672 (       0)                    0 (  +0.00)              
##> rewrite                        START            19209702050 (  +0.00)    -14150.10 (   +0.00)    5764672 (       0)                    0 (  +0.00)              (na,csaa) base_comb_signed_add_ci_ldp_exs_p_sub_from --> comb_signed_add_ci_ldp_exs_p_sub_to
##>                                  END            19632935600 (  +2.20)    -14358.80 ( -208.70)    5898240 (  133568)                    0 (  +0.00)           0  
##> rewrite                        START            19209702050 (  -2.16)    -14150.10 ( +208.70)    5764672 ( -133568)                    0 (  +0.00)              (na,csaa) base_comb_signed_add_ci_ldp_exs_p_sub_from --> comb_signed_add_ci_ldp_exs_p_sub_to
##>                                  END            19660832350 (  +2.35)    -14358.80 ( -208.70)    5864848 (  100176)                    0 (  +0.00)           0  
##> rewrite                        START            19209702050 (  -2.29)    -14150.10 ( +208.70)    5764672 ( -100176)                    0 (  +0.00)              (na,csaa) base_comb_signed_add_ci_ldp_exs_p_sub_from --> comb_signed_add_ci_ldp_exs_p_sub_to
##>                                  END            19626559200 (  +2.17)    -14358.80 ( -208.70)    5831456 (   66784)                    0 (  +0.00)           0  
##>                                  END            19209702050 (  +0.00)    -14150.10 (   +0.00)    5764672 (       0)                    0 (  +0.00)           0  
##>datapath_csa_factoring_one_gde  START            19209702050 (  +0.00)    -14150.10 (   +0.00)    5764672 (       0)                    0 (  +0.00)              
##>                                  END            19209702050 (  +0.00)    -14150.10 (   +0.00)    5764672 (       0)                    0 (  +0.00)           0  
##>dpopt_share_one_def             START            19209702050 (  +0.00)    -14150.10 (   +0.00)    5764672 (       0)                    0 (  +0.00)              
##>                                  END            19209702050 (  +0.00)    -14150.10 (   +0.00)    5764672 (       0)                    0 (  +0.00)           0  
##>datapath_rewrite_post_share     START            19209702050 (  +0.00)    -14150.10 (   +0.00)    5764672 (       0)                    0 (  +0.00)              
##>                                  END            19209702050 (  +0.00)    -14150.10 (   +0.00)    5764672 (       0)                    0 (  +0.00)           0  
##>dp_combine_const_mult_with_com  START            19209702050 (  +0.00)    -14150.10 (   +0.00)    5764672 (       0)                    0 (  +0.00)              
##>                                  END            19209702050 (  +0.00)    -14150.10 (   +0.00)    5764672 (       0)                    0 (  +0.00)           0  
##>speculate_in_gdef               START            19209702050 (  +0.00)    -14150.10 (   +0.00)    5764672 (       0)                    0 (  +0.00)              
##> pre_speculate_mux_merge        START            19209702050 (  +0.00)    -14150.10 (   +0.00)    5764672 (       0)                    0 (  +0.00)              
##>                                  END            19209702050 (  +0.00)    -14150.10 (   +0.00)    5764672 (       0)                    0 (  +0.00)           0  
##> createMaxCarrySave             START            19059059600 (  -0.78)    -13653.20 ( +496.90)    5446656 ( -318016)                    0 (  +0.00)              
##>  datapath_rewrite_one_def      START            19059059600 (  +0.00)    -13653.20 (   +0.00)    5446656 (       0)                    0 (  +0.00)              
##>   fast_cse_elim                START            19059059600 (  +0.00)    -13653.20 (   +0.00)    5446656 (       0)                    0 (  +0.00)              
##>                                  END            19059059600 (  +0.00)    -13653.20 (   +0.00)    5446656 (       0)                    0 (  +0.00)           0  
##>   fast_cse_elim                START            19059059600 (  +0.00)    -13653.20 (   +0.00)    5446656 (       0)                    0 (  +0.00)              
##>                                  END            19059059600 (  +0.00)    -13653.20 (   +0.00)    5446656 (       0)                    0 (  +0.00)           0  
##>                                  END            19059059600 (  +0.00)    -13653.20 (   +0.00)    5446656 (       0)                    0 (  +0.00)           0  
##>  csa_opto                      START            19059059600 (  +0.00)    -13653.20 (   +0.00)    5446656 (       0)                    0 (  +0.00)              
##>                                  END            19059059600 (  +0.00)    -13653.20 (   +0.00)    5446656 (       0)                    0 (  +0.00)           0  
##>                                  END            19059059600 (  +0.00)    -13653.20 (   +0.00)    5446656 (       0)                    0 (  +0.00)           0  
##> createMaxCarrySave             START            18906823050 (  -0.80)    -13280.30 ( +372.90)    5267664 ( -178992)                    0 (  +0.00)              
##>  datapath_rewrite_one_def      START            18906823050 (  +0.00)    -13280.30 (   +0.00)    5267664 (       0)                    0 (  +0.00)              
##>   fast_cse_elim                START            18906823050 (  +0.00)    -13280.30 (   +0.00)    5267664 (       0)                    0 (  +0.00)              
##>                                  END            18906823050 (  +0.00)    -13280.30 (   +0.00)    5267664 (       0)                    0 (  +0.00)           0  
##>   fast_cse_elim                START            18906823050 (  +0.00)    -13280.30 (   +0.00)    5267664 (       0)                    0 (  +0.00)              
##>                                  END            18906823050 (  +0.00)    -13280.30 (   +0.00)    5267664 (       0)                    0 (  +0.00)           0  
##>                                  END            18906823050 (  +0.00)    -13280.30 (   +0.00)    5267664 (       0)                    0 (  +0.00)           0  
##>  csa_opto                      START            18906823050 (  +0.00)    -13280.30 (   +0.00)    5267664 (       0)                    0 (  +0.00)              
##>                                  END            18906823050 (  +0.00)    -13280.30 (   +0.00)    5267664 (       0)                    0 (  +0.00)           0  
##>                                  END            18906823050 (  +0.00)    -13280.30 (   +0.00)    5267664 (       0)                    0 (  +0.00)           0  
##> createMaxCarrySave             START            18754586500 (  -0.81)    -12907.40 ( +372.90)    5148336 ( -119328)                    0 (  +0.00)              
##>  datapath_rewrite_one_def      START            18754586500 (  +0.00)    -12907.40 (   +0.00)    5148336 (       0)                    0 (  +0.00)              
##>   fast_cse_elim                START            18754586500 (  +0.00)    -12907.40 (   +0.00)    5148336 (       0)                    0 (  +0.00)              
##>                                  END            18754586500 (  +0.00)    -12907.40 (   +0.00)    5148336 (       0)                    0 (  +0.00)           0  
##>   fast_cse_elim                START            18754586500 (  +0.00)    -12907.40 (   +0.00)    5148336 (       0)                    0 (  +0.00)              
##>                                  END            18754586500 (  +0.00)    -12907.40 (   +0.00)    5148336 (       0)                    0 (  +0.00)           0  
##>                                  END            18754586500 (  +0.00)    -12907.40 (   +0.00)    5148336 (       0)                    0 (  +0.00)           0  
##>  csa_opto                      START            18754586500 (  +0.00)    -12907.40 (   +0.00)    5148336 (       0)                    0 (  +0.00)              
##>                                  END            18754586500 (  +0.00)    -12907.40 (   +0.00)    5148336 (       0)                    0 (  +0.00)           0  
##>                                  END            18754586500 (  +0.00)    -12907.40 (   +0.00)    5148336 (       0)                    0 (  +0.00)           0  
##>                                  END            18754586500 (  -2.37)    -12907.40 (+1242.70)    5148336 ( -616336)                    0 (  +0.00)           0  
##>dp_operator_level_decompositio  START            18754586500 (  +0.00)    -12907.40 (   +0.00)    5148336 (       0)                    0 (  +0.00)              
##>                                  END            18754586500 (  +0.00)    -12907.40 (   +0.00)    5148336 (       0)                    0 (  +0.00)           0  
##>selective_flatten_dp_config     START            18754586500 (  +0.00)    -12907.40 (   +0.00)    5148336 (       0)                    0 (  +0.00)              
##>                                  END            18575250250 (  -0.96)    -12883.40 (  +24.00)    5137056 (  -11280)                    0 (  +0.00)           0  
##>createMaxCarrySave              START            18575250250 (  +0.00)    -12883.40 (   +0.00)    5137056 (       0)                    0 (  +0.00)              
##> datapath_rewrite_one_def       START            18575250250 (  +0.00)    -12883.40 (   +0.00)    5137056 (       0)                    0 (  +0.00)              
##>  fast_cse_elim                 START            18575250250 (  +0.00)    -12883.40 (   +0.00)    5137056 (       0)                    0 (  +0.00)              
##>                                  END            18575250250 (  +0.00)    -12883.40 (   +0.00)    5137056 (       0)                    0 (  +0.00)           0  
##>  fast_cse_elim                 START            18575250250 (  +0.00)    -12883.40 (   +0.00)    5137056 (       0)                    0 (  +0.00)              
##>                                  END            18575250250 (  +0.00)    -12883.40 (   +0.00)    5137056 (       0)                    0 (  +0.00)           0  
##>                                  END            18575250250 (  +0.00)    -12883.40 (   +0.00)    5137056 (       0)                    0 (  +0.00)           0  
##> speculate_in_gdef              START            18575250250 (  +0.00)    -12883.40 (   +0.00)    5137056 (       0)                    0 (  +0.00)              
##>  pre_speculate_mux_merge       START            18575250250 (  +0.00)    -12883.40 (   +0.00)    5137056 (       0)                    0 (  +0.00)              
##>                                  END            18575250250 (  +0.00)    -12883.40 (   +0.00)    5137056 (       0)                    0 (  +0.00)           0  
##>                                  END            18575250250 (  +0.00)    -12883.40 (   +0.00)    5137056 (       0)                    0 (  +0.00)           0  
##> csa_opto                       START            18575250250 (  +0.00)    -12883.40 (   +0.00)    5137056 (       0)                    0 (  +0.00)              
##>                                  END            18575250250 (  +0.00)    -12883.40 (   +0.00)    5137056 (       0)                    0 (  +0.00)           0  
##>                                  END            18575250250 (  +0.00)    -12883.40 (   +0.00)    5137056 (       0)                    0 (  +0.00)           0  
##>datapath_rewrite_post_csa_one_  START            18575250250 (  +0.00)    -12883.40 (   +0.00)    5137056 (       0)                    0 (  +0.00)              
##> rewrite                        START            18575250250 (  +0.00)    -12883.40 (   +0.00)    5137056 (       0)                    0 (  +0.00)              (na,csaa) base_comb_signed_add_ci_ldp_exs_p_sub_from --> comb_signed_add_ci_ldp_exs_p_sub_to
##>                                  END            19082174050 (  +2.73)    -12883.40 (   +0.00)    5137056 (       0)                    0 (  +0.00)           0  
##> rewrite                        START            18575250250 (  -2.66)    -12883.40 (   +0.00)    5137056 (       0)                    0 (  +0.00)              (na,csaa) base_comb_signed_add_ci_ldp_exs_p_sub_from --> comb_signed_add_ci_ldp_exs_p_sub_to
##>                                  END            19110867850 (  +2.88)    -12883.40 (   +0.00)    5137056 (       0)                    0 (  +0.00)           0  
##> rewrite                        START            18575250250 (  -2.80)    -12883.40 (   +0.00)    5137056 (       0)                    0 (  +0.00)              (na,csaa) base_comb_signed_add_ci_ldp_exs_p_sub_from --> comb_signed_add_ci_ldp_exs_p_sub_to
##>                                  END            19076594700 (  +2.70)    -12883.40 (   +0.00)    5137056 (       0)                    0 (  +0.00)           0  
##>                                  END            18575250250 (  +0.00)    -12883.40 (   +0.00)    5137056 (       0)                    0 (  +0.00)           0  
##>datapath_csa_factoring_one_gde  START            18575250250 (  +0.00)    -12883.40 (   +0.00)    5137056 (       0)                    0 (  +0.00)              
##>                                  END            18575250250 (  +0.00)    -12883.40 (   +0.00)    5137056 (       0)                    0 (  +0.00)           0  
##>dpopt_share_one_def             START            18575250250 (  +0.00)    -12883.40 (   +0.00)    5137056 (       0)                    0 (  +0.00)              
##>                                  END            18575250250 (  +0.00)    -12883.40 (   +0.00)    5137056 (       0)                    0 (  +0.00)           0  
##>datapath_rewrite_post_share     START            18575250250 (  +0.00)    -12883.40 (   +0.00)    5137056 (       0)                    0 (  +0.00)              
##>                                  END            18575250250 (  +0.00)    -12883.40 (   +0.00)    5137056 (       0)                    0 (  +0.00)           0  
##>dp_combine_const_mult_with_com  START            18575250250 (  +0.00)    -12883.40 (   +0.00)    5137056 (       0)                    0 (  +0.00)              
##>                                  END            18575250250 (  +0.00)    -12883.40 (   +0.00)    5137056 (       0)                    0 (  +0.00)           0  
##>speculate_in_gdef               START            18575250250 (  +0.00)    -12883.40 (   +0.00)    5137056 (       0)                    0 (  +0.00)              
##> pre_speculate_mux_merge        START            18575250250 (  +0.00)    -12883.40 (   +0.00)    5137056 (       0)                    0 (  +0.00)              
##>                                  END            18575250250 (  +0.00)    -12883.40 (   +0.00)    5137056 (       0)                    0 (  +0.00)           0  
##>                                  END            18575250250 (  +0.00)    -12883.40 (   +0.00)    5137056 (       0)                    0 (  +0.00)           0  
##>dp_operator_level_decompositio  START            18575250250 (  +0.00)    -12883.40 (   +0.00)    5137056 (       0)                    0 (  +0.00)              
##>                                  END            18575250250 (  +0.00)    -12883.40 (   +0.00)    5137056 (       0)                    0 (  +0.00)           0  
##>selective_flatten_dp_config     START            18575250250 (  +0.00)    -12883.40 (   +0.00)    5137056 (       0)                    0 (  +0.00)              
##>                                  END            18575250250 (  +0.00)    -12883.40 (   +0.00)    5137056 (       0)                    0 (  +0.00)           0  
##>createMaxCarrySave              START            18575250250 (  +0.00)    -12883.40 (   +0.00)    5137056 (       0)                    0 (  +0.00)              
##> datapath_rewrite_one_def       START            18575250250 (  +0.00)    -12883.40 (   +0.00)    5137056 (       0)                    0 (  +0.00)              
##>  fast_cse_elim                 START            18575250250 (  +0.00)    -12883.40 (   +0.00)    5137056 (       0)                    0 (  +0.00)              
##>                                  END            18575250250 (  +0.00)    -12883.40 (   +0.00)    5137056 (       0)                    0 (  +0.00)           0  
##>  fast_cse_elim                 START            18575250250 (  +0.00)    -12883.40 (   +0.00)    5137056 (       0)                    0 (  +0.00)              
##>                                  END            18575250250 (  +0.00)    -12883.40 (   +0.00)    5137056 (       0)                    0 (  +0.00)           0  
##>                                  END            18575250250 (  +0.00)    -12883.40 (   +0.00)    5137056 (       0)                    0 (  +0.00)           0  
##> speculate_in_gdef              START            18575250250 (  +0.00)    -12883.40 (   +0.00)    5137056 (       0)                    0 (  +0.00)              
##>  pre_speculate_mux_merge       START            18575250250 (  +0.00)    -12883.40 (   +0.00)    5137056 (       0)                    0 (  +0.00)              
##>                                  END            18575250250 (  +0.00)    -12883.40 (   +0.00)    5137056 (       0)                    0 (  +0.00)           0  
##>                                  END            18575250250 (  +0.00)    -12883.40 (   +0.00)    5137056 (       0)                    0 (  +0.00)           0  
##> csa_opto                       START            18575250250 (  +0.00)    -12883.40 (   +0.00)    5137056 (       0)                    0 (  +0.00)              
##>                                  END            18575250250 (  +0.00)    -12883.40 (   +0.00)    5137056 (       0)                    0 (  +0.00)           0  
##>                                  END            18575250250 (  +0.00)    -12883.40 (   +0.00)    5137056 (       0)                    0 (  +0.00)           0  
##>context_based_simplify          START            17820443900 (  -4.06)    -12806.20 (  +77.20)    5093600 (  -43456)                    0 (  +0.00)              
##>                                  END            17820443900 (  +0.00)    -12806.20 (   +0.00)    5093600 (       0)                    0 (  +0.00)           0  
##>group_csa_final_adder_dp        START            17820443900 (  +0.00)    -12806.20 (   +0.00)    5093600 (       0)                    0 (  +0.00)              
##>                                  END            18008547700 (  +1.06)    -13088.50 ( -282.30)    5224704 (  131104)                    0 (  +0.00)           2  
##>dpopt_flatten_critical_muxes_i  START            18008547700 (  +0.00)    -13088.50 (   +0.00)    5224704 (       0)                    0 (  +0.00)              
##>                                  END            18008547700 (  +0.00)    -13088.50 (   +0.00)    5224704 (       0)                    0 (  +0.00)           0  
##>speculate_in_gdef               START            18008547700 (  +0.00)    -13088.50 (   +0.00)    5224704 (       0)                    0 (  +0.00)              
##> pre_speculate_mux_merge        START            18008547700 (  +0.00)    -13088.50 (   +0.00)    5224704 (       0)                    0 (  +0.00)              
##>                                  END            18008547700 (  +0.00)    -13088.50 (   +0.00)    5224704 (       0)                    0 (  +0.00)           0  
##>                                  END            18008547700 (  +0.00)    -13088.50 (   +0.00)    5224704 (       0)                    0 (  +0.00)           0  
##>create_score                    START            17820443900 (  -1.04)    -13064.60 (  +23.90)    5209408 (  -15296)                    0 (  +0.00)              
##>                                  END            17820443900 (  +0.00)    -13064.60 (   +0.00)    5209408 (       0)                    0 (  +0.00)           0  
##>+-----------------------------------------------------------------------------------------------------------------------------------------------------------------------------------------------------+
Committed config: CDN_DP_region_0_0_c7
Info    : Done implementing datapath configurations. [DPOPT-4]
        : Selected 'very_fast' configuration 7 for module 'CDN_DP_region_0_0_c7'.
          Optimizations applied to 'very_fast' configuration:
            rewriting(0), factoring(0), sharing(0), cmultcse(0), downsizing(0), speculation(6)
Info:  Ungrouped 0 dp-cluster instances.  0 cluster instances were left intact, to aid verification.
Info    : Done optimizing datapath logic. [DPOPT-2]
        : Done optimizing datapath logic in 'cascade_biquad'.
Number of big hc bmuxes after = 0
Starting logic reduction [v1.0] (stage: post_rtlopt, startdef: cascade_biquad, recur: true)
Completed logic reduction (accepts: 0, rejects: 0, runtime: 0.001s)
Starting mux data reorder optimization [v1.0] (stage: post_rtlopt, startdef: cascade_biquad, recur: true)
Completed mux data reorder optimization (accepts: 0, rejects: 0, runtime: 0.007s)

Stage: post_rtlopt
----------------------------------------------------------
| Transform           | Accepts | Rejects | Runtime (ms) | 
----------------------------------------------------------
| hlo_logic_reduction |       0 |       0 |         1.00 | 
| hlo_mux_reorder     |       0 |       0 |         7.00 | 
----------------------------------------------------------
Starting mux speculation [v1.0] (stage: post_muxopt, startdef: cascade_biquad, recur: true)
Starting speculation optimization
Completed speculation optimization (accepts:0)
Completed mux speculation (accepts: 0, rejects: 0, runtime: 0.243s)

Stage: post_muxopt
------------------------------------------------------
| Transform       | Accepts | Rejects | Runtime (ms) | 
------------------------------------------------------
| hlo_speculation |       0 |       0 |       243.00 | 
------------------------------------------------------
==================================
Stage : to_generic 
==================================
  =================
   Message Summary
  =================
-------------------------------------------------------------------------------------------------------------------
|    Id     |  Sev   |Count |                                    Message Text                                     |
-------------------------------------------------------------------------------------------------------------------
| CDFG-250  |Info    |    4 |Processing multi-dimensional arrays.                                                 |
| CDFG-372  |Info    |   13 |Bitwidth mismatch in assignment.                                                     |
|           |        |      |Review and make sure the mismatch is unintentional. Genus can possibly issue         |
|           |        |      | bitwidth mismatch warning for explicit assignments present in RTL as-well-as for    |
|           |        |      | implicit assignments inferred by the tool. For example, in case of enum declaration |
|           |        |      | without value, the tool will implicitly assign value to the enum variables. It also |
|           |        |      | issues the warning for any bitwidth mismatch that appears in this implicit          |
|           |        |      | assignment.                                                                         |
| CWD-19    |Info    |  244 |An implementation was inferred.                                                      |
| DPOPT-1   |Info    |    1 |Optimizing datapath logic.                                                           |
| DPOPT-2   |Info    |    1 |Done optimizing datapath logic.                                                      |
| DPOPT-3   |Info    |    1 |Implementing datapath configurations.                                                |
| DPOPT-4   |Info    |    1 |Done implementing datapath configurations.                                           |
| DPOPT-6   |Info    |    1 |Pre-processed datapath logic.                                                        |
| DPOPT-10  |Info    |   16 |Optimized a mux chain.                                                               |
| ELAB-1    |Info    |    1 |Elaborating Design.                                                                  |
| ELAB-2    |Info    |    4 |Elaborating Subdesign.                                                               |
| ELAB-3    |Info    |    1 |Done Elaborating Design.                                                             |
| GLO-51    |Info    |    4 |Hierarchical instance automatically ungrouped.                                       |
|           |        |      |Hierarchical instances can be automatically ungrouped to allow for better area or    |
|           |        |      | timing optimization. To prevent this ungroup, set the root-level attribute          |
|           |        |      | 'auto_ungroup' to 'none'. You can also prevent individual ungroup with setting the  |
|           |        |      | attribute 'ungroup_ok' of instances or modules to 'false'.                          |
| LBR-9     |Warning |   16 |Library cell has no output pins defined.                                             |
|           |        |      |Add the missing output pin(s)                                                        |
|           |        |      | , then reload the library. Else the library cell will be marked as timing model     |
|           |        |      | i.e. unusable. Timing_model means that the cell does not have any defined function. |
|           |        |      | If there is no output pin, Genus will mark library cell as unusable i.e. the        |
|           |        |      | attribute 'usable' will be marked to 'false' on the libcell. Therefore, the cell is |
|           |        |      | not used for mapping and it will not be picked up from the library for synthesis.   |
|           |        |      | If you query the attribute 'unusable_reason' on the libcell; result will be:        |
|           |        |      | 'Library cell has no output pins.'Note: The message LBR-9 is only for the logical   |
|           |        |      | pins and not for the power_ground pins. Genus will depend upon the output function  |
|           |        |      | defined in the pin group (output pin)                                               |
|           |        |      | of the cell, to use it for mapping. The pg_pin will not have any function defined.  |
| LBR-40    |Info    |    3 |An unsupported construct was detected in this library.                               |
|           |        |      |Check to see if this construct is really needed for synthesis. Many liberty          |
|           |        |      | constructs are not actually required.                                               |
| LBR-81    |Warning |   11 |Non-monotonic wireload model found.                                                  |
|           |        |      |Non-monotonic wireload models can cause problems during synthesis and/or mapping.    |
|           |        |      | Raising some of the points in the curve to give it a monotonic shape.               |
| LBR-155   |Info    |    1 |Mismatch in unateness between 'timing_sense' attribute and the function.             |
|           |        |      |The 'timing_sense' attribute will be respected.                                      |
| LBR-162   |Info    |   15 |Both 'pos_unate' and 'neg_unate' timing_sense arcs have been processed.              |
|           |        |      |Setting the 'timing_sense' to non_unate.                                             |
| LBR-412   |Info    |    1 |Created nominal operating condition.                                                 |
|           |        |      |The nominal operating condition is represented, either by the nominal PVT values     |
|           |        |      | specified in the library source                                                     |
|           |        |      | (via nom_process,nom_voltage and nom_temperature respectively)                      |
|           |        |      | , or by the default PVT values (1.0,1.0,1.0).                                       |
| PHYS-752  |Info    |    1 |Partition Based Synthesis execution skipped.                                         |
| RTLOPT-40 |Info    |    2 |Transformed datapath macro.                                                          |
| SYNTH-1   |Info    |    1 |Synthesizing.                                                                        |
| TIM-1000  |Info    |    1 |Multimode clock gating check is disabled.                                            |
-------------------------------------------------------------------------------------------------------------------
Mapper: Libraries have:
	domain _default_: 96 combo usable cells and 20 sequential usable cells
Multi-threaded constant propagation [1|0] ...
Multi-threaded Virtual Mapping    (8 threads per ST process, 8 of 128 CPUs usable)
==================================
Stage : first_condense 
==================================
  =================
   Message Summary
  =================
---------------------------------------------------------------
|  Id  |Sev  |Count |              Message Text               |
---------------------------------------------------------------
| GB-6 |Info |    6 |A datapath component has been ungrouped. |
---------------------------------------------------------------
 
Global mapping target info
==========================
Cost Group 'clk' target slack: -2705 ps
Target path end-point (Port: cascade_biquad/out_sample[3])


State Retention Synthesis Status
================================

Category                        Flops   Percentage
--------------------------------------------------
Total instances                   132        100.0
Excluded from State Retention     132        100.0
    - Will not convert            132        100.0
      - Preserved                   0          0.0
      - Power intent excluded     132        100.0
    - Could not convert             0          0.0
      - Scan type                   0          0.0
      - No suitable cell            0          0.0
State Retention instances           0          0.0
--------------------------------------------------

PBS_Generic_Opt-Post - Elapsed_Time 134, CPU_Time 134.855406
stamp 'PBS_Generic_Opt-Post' being created for table 'pbs_debug'

  Total Time (Wall) |  Stage Time (Wall)  |   % (Wall)   |    Date - Time     |  Memory   | Stage
--------------------+---------------------+--------------+--------------------+-----------+----------------------
 00:00:11(00:00:08) |  00:00:00(00:00:00) |   0.0(  0.0) |   13:37:35 (Sep29) |  414.3 MB | PBS_Generic-Start
--------------------+---------------------+--------------+--------------------+-----------+----------------------
 00:02:25(00:02:22) |  00:02:14(00:02:14) | 100.0(100.0) |   13:39:49 (Sep29) |   1.05 GB | PBS_Generic_Opt-Post
--------------------+---------------------+--------------+--------------------+-----------+----------------------
Number of threads: 8 * 1   (id: pbs_debug, time_info v1.57)
Info: (*N*) indicates data that was populated from previously saved time_info database
Info: CPU time includes time of parent + longest thread
PBS_Generic-Postgen HBO Optimizations - Elapsed_Time 1, CPU_Time 0.0
stamp 'PBS_Generic-Postgen HBO Optimizations' being created for table 'pbs_debug'

  Total Time (Wall) |  Stage Time (Wall)  |   % (Wall)   |    Date - Time     |  Memory   | Stage
--------------------+---------------------+--------------+--------------------+-----------+----------------------
 00:00:11(00:00:08) |  00:00:00(00:00:00) |   0.0(  0.0) |   13:37:35 (Sep29) |  414.3 MB | PBS_Generic-Start
--------------------+---------------------+--------------+--------------------+-----------+----------------------
 00:02:25(00:02:22) |  00:02:14(00:02:14) | 100.0( 99.3) |   13:39:49 (Sep29) |   1.05 GB | PBS_Generic_Opt-Post
--------------------+---------------------+--------------+--------------------+-----------+----------------------
 00:02:25(00:02:23) |  00:00:00(00:00:01) |   0.0(  0.7) |   13:39:50 (Sep29) |   1.04 GB | PBS_Generic-Postgen HBO Optimizations
--------------------+---------------------+--------------+--------------------+-----------+----------------------
Number of threads: 8 * 1   (id: pbs_debug, time_info v1.57)
Info: (*N*) indicates data that was populated from previously saved time_info database
Info: CPU time includes time of parent + longest thread
##>=================== Cadence Confidential (Generic-Logical) ===================
##>=================== Cadence Confidential (Generic-Logical) ===================
##>Main Thread Summary:
##>----------------------------------------------------------------------------------------
##>STEP                           Elapsed       WNS       TNS     Insts      Area    Memory
##>----------------------------------------------------------------------------------------
##>G:Initial                            1         -         -     34108     53089       414
##>G:Setup                              0         -         -         -         -         -
##>G:Launch ST                          0         -         -         -         -         -
##>G:Design Partition                   0         -         -         -         -         -
##>G:Create Partition Netlists          0         -         -         -         -         -
##>G:Init Power                         0         -         -         -         -         -
##>G:Budgeting                          0         -         -         -         -         -
##>G:Derenv-DB                          0         -         -         -         -         -
##>G:Debug Outputs                      0         -         -         -         -         -
##>G:ST loading                         0         -         -         -         -         -
##>G:Distributed                        0         -         -         -         -         -
##>G:Timer                              0         -         -         -         -         -
##>G:Assembly                           0         -         -         -         -         -
##>G:DFT                                0         -         -         -         -         -
##>G:Const Prop                         1         -         -     13769     22475      1041
##>G:Misc                             134
##>----------------------------------------------------------------------------------------
##>Total Elapsed                      136
##>========================================================================================
Info    : Done synthesizing. [SYNTH-2]
        : Done synthesizing 'cascade_biquad' to generic gates.
      flow.cputime  flow.realtime  timing.setup.tns  timing.setup.wns  snapshot
UM:*                                                                   syn_gen
@file(syn.tcl) 17: syn_map
##Generic Timing Info for library domain: _default_ typical gate delay: 104.3 ps std_slew: 4.4 ps std_load: 4.1 fF
Info    : Mapping. [SYNTH-4]
        : Mapping 'cascade_biquad' using 'high' effort.
Mapper: Libraries have:
	domain _default_: 96 combo usable cells and 20 sequential usable cells
Configuring mapper costing (none)
TNS Restructuring config: no_value at stage: map applied.
PBS_TechMap-Start - Elapsed_Time 0, CPU_Time 0.0
stamp 'PBS_TechMap-Start' being created for table 'pbs_debug'

  Total Time (Wall) |  Stage Time (Wall)  |   % (Wall)   |    Date - Time     |  Memory   | Stage
--------------------+---------------------+--------------+--------------------+-----------+----------------------
 00:00:11(00:00:08) |  00:00:00(00:00:00) |   0.0(  0.0) |   13:37:35 (Sep29) |  414.3 MB | PBS_Generic-Start
--------------------+---------------------+--------------+--------------------+-----------+----------------------
 00:02:25(00:02:22) |  00:02:14(00:02:14) |  99.3( 99.3) |   13:39:49 (Sep29) |   1.05 GB | PBS_Generic_Opt-Post
--------------------+---------------------+--------------+--------------------+-----------+----------------------
 00:02:25(00:02:23) |  00:00:00(00:00:01) |   0.0(  0.7) |   13:39:50 (Sep29) |   1.04 GB | PBS_Generic-Postgen HBO Optimizations
--------------------+---------------------+--------------+--------------------+-----------+----------------------
 00:02:26(00:02:23) |  00:00:01(00:00:00) |   0.7(  0.0) |   13:39:50 (Sep29) |   1.04 GB | PBS_TechMap-Start
--------------------+---------------------+--------------+--------------------+-----------+----------------------
Number of threads: 8 * 1   (id: pbs_debug, time_info v1.57)
Info: (*N*) indicates data that was populated from previously saved time_info database
Info: CPU time includes time of parent + longest thread
PBS_TechMap-Premap HBO Optimizations - Elapsed_Time 1, CPU_Time 0.0
stamp 'PBS_TechMap-Premap HBO Optimizations' being created for table 'pbs_debug'

  Total Time (Wall) |  Stage Time (Wall)  |   % (Wall)   |    Date - Time     |  Memory   | Stage
--------------------+---------------------+--------------+--------------------+-----------+----------------------
 00:00:11(00:00:08) |  00:00:00(00:00:00) |   0.0(  0.0) |   13:37:35 (Sep29) |  414.3 MB | PBS_Generic-Start
--------------------+---------------------+--------------+--------------------+-----------+----------------------
 00:02:25(00:02:22) |  00:02:14(00:02:14) |  99.3( 98.5) |   13:39:49 (Sep29) |   1.05 GB | PBS_Generic_Opt-Post
--------------------+---------------------+--------------+--------------------+-----------+----------------------
 00:02:25(00:02:23) |  00:00:00(00:00:01) |   0.0(  0.7) |   13:39:50 (Sep29) |   1.04 GB | PBS_Generic-Postgen HBO Optimizations
--------------------+---------------------+--------------+--------------------+-----------+----------------------
 00:02:26(00:02:23) |  00:00:01(00:00:00) |   0.7(  0.0) |   13:39:50 (Sep29) |   1.04 GB | PBS_TechMap-Start
--------------------+---------------------+--------------+--------------------+-----------+----------------------
 00:02:26(00:02:24) |  00:00:00(00:00:01) |   0.0(  0.7) |   13:39:51 (Sep29) |   1.04 GB | PBS_TechMap-Premap HBO Optimizations
--------------------+---------------------+--------------+--------------------+-----------+----------------------
Number of threads: 8 * 1   (id: pbs_debug, time_info v1.57)
Info: (*N*) indicates data that was populated from previously saved time_info database
Info: CPU time includes time of parent + longest thread
Info    : Partition Based Synthesis execution skipped. [PHYS-752]
        : Design size is less than the partition size '100000' for distributed mapping optimization to kick in.
Mapper: Libraries have:
	domain _default_: 96 combo usable cells and 20 sequential usable cells
Multi-threaded Virtual Mapping    (8 threads per ST process, 8 of 128 CPUs usable)
 
Global mapping target info
==========================
Cost Group 'clk' target slack: -2597 ps
Target path end-point (Port: cascade_biquad/out_sample[0])

Multi-threaded Technology Mapping (8 threads per ST process, 8 of 128 CPUs usable)
 
Global mapping status
=====================
                                   Group   
                                  Tot Wrst 
                           Total  Weighted 
Operation                   Area   Slacks  
 global_map                 8750    -2925 
            Worst cost_group: clk, WNS: -2925.2
            Path: in_sample[6] --> out_sample[14]

    Cost Group            Target    Slack    Diff.  Constr.
-----------------------------------------------------------
           clk             -2597    -2925      -5%     4000 

 
Global incremental target info
==============================
Cost Group 'clk' target slack: -2914 ps
Target path end-point (Port: cascade_biquad/out_sample[10])

==================================
Stage : global_incr_map 
==================================
  =================
   Message Summary
  =================
-------------------------------------------------------------------------
|    Id    |Sev  |Count |                 Message Text                  |
-------------------------------------------------------------------------
| PA-7     |Info |   36 |Resetting power analysis results.              |
|          |     |      |All computed switching activities are removed. |
| PHYS-752 |Info |    1 |Partition Based Synthesis execution skipped.   |
| SYNTH-2  |Info |    1 |Done synthesizing.                             |
| SYNTH-4  |Info |    1 |Mapping.                                       |
-------------------------------------------------------------------------
 
Global incremental optimization status
======================================
                                   Group   
                                  Tot Wrst 
                           Total  Weighted 
Operation                   Area   Slacks  
 global_incr                8228    -2935 
            Worst cost_group: clk, WNS: -2935.4
            Path: in_sample[6] --> out_sample[14]

    Cost Group            Target    Slack    Diff.  Constr.
-----------------------------------------------------------
           clk             -2914    -2935      +0%     4000 


State Retention Synthesis Status
================================

Category                        Flops   Percentage
--------------------------------------------------
Total instances                   132        100.0
Excluded from State Retention     132        100.0
    - Will not convert            132        100.0
      - Preserved                   0          0.0
      - Power intent excluded     132        100.0
    - Could not convert             0          0.0
      - Scan type                   0          0.0
      - No suitable cell            0          0.0
State Retention instances           0          0.0
--------------------------------------------------

INFO: skipping constant propagation
PBS_Techmap-Global Mapping - Elapsed_Time 43, CPU_Time 43.311015
stamp 'PBS_Techmap-Global Mapping' being created for table 'pbs_debug'

  Total Time (Wall) |  Stage Time (Wall)  |   % (Wall)   |    Date - Time     |  Memory   | Stage
--------------------+---------------------+--------------+--------------------+-----------+----------------------
 00:00:11(00:00:08) |  00:00:00(00:00:00) |   0.0(  0.0) |   13:37:35 (Sep29) |  414.3 MB | PBS_Generic-Start
--------------------+---------------------+--------------+--------------------+-----------+----------------------
 00:02:25(00:02:22) |  00:02:14(00:02:14) |  75.3( 74.9) |   13:39:49 (Sep29) |   1.05 GB | PBS_Generic_Opt-Post
--------------------+---------------------+--------------+--------------------+-----------+----------------------
 00:02:25(00:02:23) |  00:00:00(00:00:01) |   0.0(  0.6) |   13:39:50 (Sep29) |   1.04 GB | PBS_Generic-Postgen HBO Optimizations
--------------------+---------------------+--------------+--------------------+-----------+----------------------
 00:02:26(00:02:23) |  00:00:01(00:00:00) |   0.6(  0.0) |   13:39:50 (Sep29) |   1.04 GB | PBS_TechMap-Start
--------------------+---------------------+--------------+--------------------+-----------+----------------------
 00:02:26(00:02:24) |  00:00:00(00:00:01) |   0.0(  0.6) |   13:39:51 (Sep29) |   1.04 GB | PBS_TechMap-Premap HBO Optimizations
--------------------+---------------------+--------------+--------------------+-----------+----------------------
 00:03:10(00:03:07) |  00:00:43(00:00:43) |  24.2( 24.0) |   13:40:34 (Sep29) |   1.05 GB | PBS_Techmap-Global Mapping
--------------------+---------------------+--------------+--------------------+-----------+----------------------
Number of threads: 8 * 1   (id: pbs_debug, time_info v1.57)
Info: (*N*) indicates data that was populated from previously saved time_info database
Info: CPU time includes time of parent + longest thread
Info    : Wrote formal verification information. [CFM-5]
        : Wrote 'fv/cascade_biquad/fv_map.fv.json' for netlist 'fv/cascade_biquad/fv_map.v.gz'.
Info    : Wrote dofile. [CFM-1]
        : Dofile is 'fv/cascade_biquad/rtl_to_fv_map.do'.
        : Alias mapping flow is enabled.
PBS_TechMap-Datapath Postmap Operations - Elapsed_Time 2, CPU_Time 1.9626440000000116
stamp 'PBS_TechMap-Datapath Postmap Operations' being created for table 'pbs_debug'

  Total Time (Wall) |  Stage Time (Wall)  |   % (Wall)   |    Date - Time     |  Memory   | Stage
--------------------+---------------------+--------------+--------------------+-----------+----------------------
 00:00:11(00:00:08) |  00:00:00(00:00:00) |   0.0(  0.0) |   13:37:35 (Sep29) |  414.3 MB | PBS_Generic-Start
--------------------+---------------------+--------------+--------------------+-----------+----------------------
 00:02:25(00:02:22) |  00:02:14(00:02:14) |  74.5( 74.0) |   13:39:49 (Sep29) |   1.05 GB | PBS_Generic_Opt-Post
--------------------+---------------------+--------------+--------------------+-----------+----------------------
 00:02:25(00:02:23) |  00:00:00(00:00:01) |   0.0(  0.6) |   13:39:50 (Sep29) |   1.04 GB | PBS_Generic-Postgen HBO Optimizations
--------------------+---------------------+--------------+--------------------+-----------+----------------------
 00:02:26(00:02:23) |  00:00:01(00:00:00) |   0.6(  0.0) |   13:39:50 (Sep29) |   1.04 GB | PBS_TechMap-Start
--------------------+---------------------+--------------+--------------------+-----------+----------------------
 00:02:26(00:02:24) |  00:00:00(00:00:01) |   0.0(  0.6) |   13:39:51 (Sep29) |   1.04 GB | PBS_TechMap-Premap HBO Optimizations
--------------------+---------------------+--------------+--------------------+-----------+----------------------
 00:03:10(00:03:07) |  00:00:43(00:00:43) |  23.9( 23.8) |   13:40:34 (Sep29) |   1.05 GB | PBS_Techmap-Global Mapping
--------------------+---------------------+--------------+--------------------+-----------+----------------------
 00:03:12(00:03:09) |  00:00:01(00:00:02) |   1.1(  1.1) |   13:40:36 (Sep29) |   1.05 GB | PBS_TechMap-Datapath Postmap Operations
--------------------+---------------------+--------------+--------------------+-----------+----------------------
Number of threads: 8 * 1   (id: pbs_debug, time_info v1.57)
Info: (*N*) indicates data that was populated from previously saved time_info database
Info: CPU time includes time of parent + longest thread
PBS_TechMap-Postmap HBO Optimizations - Elapsed_Time 0, CPU_Time -0.03740400000000932
stamp 'PBS_TechMap-Postmap HBO Optimizations' being created for table 'pbs_debug'

  Total Time (Wall) |  Stage Time (Wall)  |   % (Wall)   |    Date - Time     |  Memory   | Stage
--------------------+---------------------+--------------+--------------------+-----------+----------------------
 00:00:11(00:00:08) |  00:00:00(00:00:00) |   0.0(  0.0) |   13:37:35 (Sep29) |  414.3 MB | PBS_Generic-Start
--------------------+---------------------+--------------+--------------------+-----------+----------------------
 00:02:25(00:02:22) |  00:02:14(00:02:14) |  74.5( 74.0) |   13:39:49 (Sep29) |   1.05 GB | PBS_Generic_Opt-Post
--------------------+---------------------+--------------+--------------------+-----------+----------------------
 00:02:25(00:02:23) |  00:00:00(00:00:01) |   0.0(  0.6) |   13:39:50 (Sep29) |   1.04 GB | PBS_Generic-Postgen HBO Optimizations
--------------------+---------------------+--------------+--------------------+-----------+----------------------
 00:02:26(00:02:23) |  00:00:01(00:00:00) |   0.6(  0.0) |   13:39:50 (Sep29) |   1.04 GB | PBS_TechMap-Start
--------------------+---------------------+--------------+--------------------+-----------+----------------------
 00:02:26(00:02:24) |  00:00:00(00:00:01) |   0.0(  0.6) |   13:39:51 (Sep29) |   1.04 GB | PBS_TechMap-Premap HBO Optimizations
--------------------+---------------------+--------------+--------------------+-----------+----------------------
 00:03:10(00:03:07) |  00:00:43(00:00:43) |  23.9( 23.8) |   13:40:34 (Sep29) |   1.05 GB | PBS_Techmap-Global Mapping
--------------------+---------------------+--------------+--------------------+-----------+----------------------
 00:03:12(00:03:09) |  00:00:01(00:00:02) |   1.1(  1.1) |   13:40:36 (Sep29) |   1.05 GB | PBS_TechMap-Datapath Postmap Operations
--------------------+---------------------+--------------+--------------------+-----------+----------------------
 00:03:12(00:03:09) |  00:00:00(00:00:00) |  -0.0(  0.0) |   13:40:36 (Sep29) |   1.05 GB | PBS_TechMap-Postmap HBO Optimizations
--------------------+---------------------+--------------+--------------------+-----------+----------------------
Number of threads: 8 * 1   (id: pbs_debug, time_info v1.57)
Info: (*N*) indicates data that was populated from previously saved time_info database
Info: CPU time includes time of parent + longest thread
 Doing ConstProp on design:cascade_biquad ... 

Time taken by ConstProp Step: 00:00:01
PBS_TechMap-Postmap Clock Gating - Elapsed_Time 1, CPU_Time 1.0
stamp 'PBS_TechMap-Postmap Clock Gating' being created for table 'pbs_debug'

  Total Time (Wall) |  Stage Time (Wall)  |   % (Wall)   |    Date - Time     |  Memory   | Stage
--------------------+---------------------+--------------+--------------------+-----------+----------------------
 00:00:11(00:00:08) |  00:00:00(00:00:00) |   0.0(  0.0) |   13:37:35 (Sep29) |  414.3 MB | PBS_Generic-Start
--------------------+---------------------+--------------+--------------------+-----------+----------------------
 00:02:25(00:02:22) |  00:02:14(00:02:14) |  74.1( 73.6) |   13:39:49 (Sep29) |   1.05 GB | PBS_Generic_Opt-Post
--------------------+---------------------+--------------+--------------------+-----------+----------------------
 00:02:25(00:02:23) |  00:00:00(00:00:01) |   0.0(  0.5) |   13:39:50 (Sep29) |   1.04 GB | PBS_Generic-Postgen HBO Optimizations
--------------------+---------------------+--------------+--------------------+-----------+----------------------
 00:02:26(00:02:23) |  00:00:01(00:00:00) |   0.5(  0.0) |   13:39:50 (Sep29) |   1.04 GB | PBS_TechMap-Start
--------------------+---------------------+--------------+--------------------+-----------+----------------------
 00:02:26(00:02:24) |  00:00:00(00:00:01) |   0.0(  0.5) |   13:39:51 (Sep29) |   1.04 GB | PBS_TechMap-Premap HBO Optimizations
--------------------+---------------------+--------------+--------------------+-----------+----------------------
 00:03:10(00:03:07) |  00:00:43(00:00:43) |  23.8( 23.6) |   13:40:34 (Sep29) |   1.05 GB | PBS_Techmap-Global Mapping
--------------------+---------------------+--------------+--------------------+-----------+----------------------
 00:03:12(00:03:09) |  00:00:01(00:00:02) |   1.1(  1.1) |   13:40:36 (Sep29) |   1.05 GB | PBS_TechMap-Datapath Postmap Operations
--------------------+---------------------+--------------+--------------------+-----------+----------------------
 00:03:12(00:03:09) |  00:00:00(00:00:00) |  -0.0(  0.0) |   13:40:36 (Sep29) |   1.05 GB | PBS_TechMap-Postmap HBO Optimizations
--------------------+---------------------+--------------+--------------------+-----------+----------------------
 00:03:13(00:03:10) |  00:00:01(00:00:01) |   0.5(  0.5) |   13:40:37 (Sep29) |   1.05 GB | PBS_TechMap-Postmap Clock Gating
--------------------+---------------------+--------------+--------------------+-----------+----------------------
Number of threads: 8 * 1   (id: pbs_debug, time_info v1.57)
Info: (*N*) indicates data that was populated from previously saved time_info database
Info: CPU time includes time of parent + longest thread
-------------------------------------------------------------------------------
 hi_fo_buf                  8226    -2935    -78255         0        0
            Worst cost_group: clk, WNS: -2935.3
            Path: in_sample[6] --> out_sample[14]

           Trick     Calls     Accepts   Attempts    Time(secs) 
-----------------------------------------------------------
       hi_fo_buf         0  (        0 /        0 )  0.00

 
Incremental optimization status
===============================
                                   Group   
                                  Tot Wrst     Total - - DRC Totals - -
                           Total  Weighted      Neg      Max       Max 
Operation                   Area   Slacks      Slack    Trans      Cap 
 init_delay                 8226    -2935    -78255         0        0
            Worst cost_group: clk, WNS: -2935.3
            Path: in_sample[6] --> out_sample[14]
 incr_delay                 8332    -2721    -72844         0        0
            Worst cost_group: clk, WNS: -2721.8
            Path: in_sample[6] --> out_sample[4]
 incr_delay                 8340    -2688    -71575         0        0
            Worst cost_group: clk, WNS: -2688.9
            Path: in_sample[6] --> out_sample[4]
 incr_delay                 8349    -2676    -70991         0        0
            Worst cost_group: clk, WNS: -2676.7
            Path: in_sample[3] --> out_sample[14]
 incr_delay                 8353    -2672    -70783         0        0
            Worst cost_group: clk, WNS: -2672.4
            Path: in_sample[6] --> out_sample[4]
 incr_delay                 8353    -2671    -70731         0        0
            Worst cost_group: clk, WNS: -2671.3
            Path: in_sample[6] --> out_sample[4]

           Trick     Calls     Accepts   Attempts    Time(secs) 
-----------------------------------------------------------
       crit_upsz       878  (       63 /       74 )  1.61
    plc_bal_star         0  (        0 /        0 )  0.00
     drc_buftimb         0  (        0 /        0 )  0.00
          plc_st       676  (        0 /        0 )  0.00
    plc_st_fence       676  (        0 /        0 )  0.00
        plc_star       676  (        0 /        0 )  0.00
      plc_laf_st       676  (        0 /        0 )  0.00
 plc_laf_st_fence       676  (        0 /        0 )  0.00
     drc_buftims         0  (        0 /        0 )  0.00
            fopt       832  (       62 /       71 )  1.48
   plc_laf_lo_st       671  (        0 /        0 )  0.00
       plc_lo_st       671  (        0 /        0 )  0.00
        mb_split       671  (        0 /        0 )  0.00

 
Local TNS optimization status
=============================
                                   Group   
                                  Tot Wrst     Total - - DRC Totals - -
                           Total  Weighted      Neg      Max       Max 
Operation                   Area   Slacks      Slack    Trans      Cap 
 init_tns                   8353    -2671    -70731         0        0
            Worst cost_group: clk, WNS: -2671.3
            Path: in_sample[6] --> out_sample[4]
 incr_tns                   8345    -2652    -69899         0        0
            Worst cost_group: clk, WNS: -2652.6
            Path: in_sample[6] --> out_sample[14]
 incr_tns                   8345    -2652    -69899         0        0
            Worst cost_group: clk, WNS: -2652.6
            Path: in_sample[6] --> out_sample[14]

           Trick     Calls     Accepts   Attempts    Time(secs) 
-----------------------------------------------------------
    plc_bal_star         0  (        0 /        0 )  0.00
     drc_buftimb         0  (        0 /        0 )  0.00
     drc_buftims         0  (        0 /        0 )  0.00
       crit_upsz       505  (       10 /       22 )  0.54
   plc_laf_lo_st       495  (        0 /        0 )  0.00
       plc_lo_st       495  (        0 /        0 )  0.00
            fopt       495  (        0 /        0 )  0.02
       crit_dnsz       308  (       84 /      145 )  0.81
             dup       411  (        1 /        1 )  0.02
        setup_dn       410  (        0 /        2 )  0.01
        mb_split       410  (        0 /        0 )  0.00

PBS_TechMap-Postmap Cleanup - Elapsed_Time 5, CPU_Time 5.948188000000016
stamp 'PBS_TechMap-Postmap Cleanup' being created for table 'pbs_debug'

  Total Time (Wall) |  Stage Time (Wall)  |   % (Wall)   |    Date - Time     |  Memory   | Stage
--------------------+---------------------+--------------+--------------------+-----------+----------------------
 00:00:11(00:00:08) |  00:00:00(00:00:00) |   0.0(  0.0) |   13:37:35 (Sep29) |  414.3 MB | PBS_Generic-Start
--------------------+---------------------+--------------+--------------------+-----------+----------------------
 00:02:25(00:02:22) |  00:02:14(00:02:14) |  71.7( 71.7) |   13:39:49 (Sep29) |   1.05 GB | PBS_Generic_Opt-Post
--------------------+---------------------+--------------+--------------------+-----------+----------------------
 00:02:25(00:02:23) |  00:00:00(00:00:01) |   0.0(  0.5) |   13:39:50 (Sep29) |   1.04 GB | PBS_Generic-Postgen HBO Optimizations
--------------------+---------------------+--------------+--------------------+-----------+----------------------
 00:02:26(00:02:23) |  00:00:01(00:00:00) |   0.5(  0.0) |   13:39:50 (Sep29) |   1.04 GB | PBS_TechMap-Start
--------------------+---------------------+--------------+--------------------+-----------+----------------------
 00:02:26(00:02:24) |  00:00:00(00:00:01) |   0.0(  0.5) |   13:39:51 (Sep29) |   1.04 GB | PBS_TechMap-Premap HBO Optimizations
--------------------+---------------------+--------------+--------------------+-----------+----------------------
 00:03:10(00:03:07) |  00:00:43(00:00:43) |  23.0( 23.0) |   13:40:34 (Sep29) |   1.05 GB | PBS_Techmap-Global Mapping
--------------------+---------------------+--------------+--------------------+-----------+----------------------
 00:03:12(00:03:09) |  00:00:01(00:00:02) |   1.0(  1.1) |   13:40:36 (Sep29) |   1.05 GB | PBS_TechMap-Datapath Postmap Operations
--------------------+---------------------+--------------+--------------------+-----------+----------------------
 00:03:12(00:03:09) |  00:00:00(00:00:00) |  -0.0(  0.0) |   13:40:36 (Sep29) |   1.05 GB | PBS_TechMap-Postmap HBO Optimizations
--------------------+---------------------+--------------+--------------------+-----------+----------------------
 00:03:13(00:03:10) |  00:00:01(00:00:01) |   0.5(  0.5) |   13:40:37 (Sep29) |   1.05 GB | PBS_TechMap-Postmap Clock Gating
--------------------+---------------------+--------------+--------------------+-----------+----------------------
 00:03:19(00:03:15) |  00:00:05(00:00:05) |   3.2(  2.7) |   13:40:42 (Sep29) |   1.05 GB | PBS_TechMap-Postmap Cleanup
--------------------+---------------------+--------------+--------------------+-----------+----------------------
Number of threads: 8 * 1   (id: pbs_debug, time_info v1.57)
Info: (*N*) indicates data that was populated from previously saved time_info database
Info: CPU time includes time of parent + longest thread
PBS_Techmap-Post_MBCI - Elapsed_Time 0, CPU_Time 0.0
stamp 'PBS_Techmap-Post_MBCI' being created for table 'pbs_debug'

  Total Time (Wall) |  Stage Time (Wall)  |   % (Wall)   |    Date - Time     |  Memory   | Stage
--------------------+---------------------+--------------+--------------------+-----------+----------------------
 00:00:11(00:00:08) |  00:00:00(00:00:00) |   0.0(  0.0) |   13:37:35 (Sep29) |  414.3 MB | PBS_Generic-Start
--------------------+---------------------+--------------+--------------------+-----------+----------------------
 00:02:25(00:02:22) |  00:02:14(00:02:14) |  71.7( 71.7) |   13:39:49 (Sep29) |   1.05 GB | PBS_Generic_Opt-Post
--------------------+---------------------+--------------+--------------------+-----------+----------------------
 00:02:25(00:02:23) |  00:00:00(00:00:01) |   0.0(  0.5) |   13:39:50 (Sep29) |   1.04 GB | PBS_Generic-Postgen HBO Optimizations
--------------------+---------------------+--------------+--------------------+-----------+----------------------
 00:02:26(00:02:23) |  00:00:01(00:00:00) |   0.5(  0.0) |   13:39:50 (Sep29) |   1.04 GB | PBS_TechMap-Start
--------------------+---------------------+--------------+--------------------+-----------+----------------------
 00:02:26(00:02:24) |  00:00:00(00:00:01) |   0.0(  0.5) |   13:39:51 (Sep29) |   1.04 GB | PBS_TechMap-Premap HBO Optimizations
--------------------+---------------------+--------------+--------------------+-----------+----------------------
 00:03:10(00:03:07) |  00:00:43(00:00:43) |  23.0( 23.0) |   13:40:34 (Sep29) |   1.05 GB | PBS_Techmap-Global Mapping
--------------------+---------------------+--------------+--------------------+-----------+----------------------
 00:03:12(00:03:09) |  00:00:01(00:00:02) |   1.0(  1.1) |   13:40:36 (Sep29) |   1.05 GB | PBS_TechMap-Datapath Postmap Operations
--------------------+---------------------+--------------+--------------------+-----------+----------------------
 00:03:12(00:03:09) |  00:00:00(00:00:00) |  -0.0(  0.0) |   13:40:36 (Sep29) |   1.05 GB | PBS_TechMap-Postmap HBO Optimizations
--------------------+---------------------+--------------+--------------------+-----------+----------------------
 00:03:13(00:03:10) |  00:00:01(00:00:01) |   0.5(  0.5) |   13:40:37 (Sep29) |   1.05 GB | PBS_TechMap-Postmap Clock Gating
--------------------+---------------------+--------------+--------------------+-----------+----------------------
 00:03:19(00:03:15) |  00:00:05(00:00:05) |   3.2(  2.7) |   13:40:42 (Sep29) |   1.05 GB | PBS_TechMap-Postmap Cleanup
--------------------+---------------------+--------------+--------------------+-----------+----------------------
 00:03:19(00:03:15) |  00:00:00(00:00:00) |   0.0(  0.0) |   13:40:42 (Sep29) |   1.05 GB | PBS_Techmap-Post_MBCI
--------------------+---------------------+--------------+--------------------+-----------+----------------------
Number of threads: 8 * 1   (id: pbs_debug, time_info v1.57)
Info: (*N*) indicates data that was populated from previously saved time_info database
Info: CPU time includes time of parent + longest thread
##>=================== Cadence Confidential (Mapping-Logical) ===================
##>Main Thread Summary:
##>----------------------------------------------------------------------------------------
##>STEP                           Elapsed       WNS       TNS     Insts      Area    Memory
##>----------------------------------------------------------------------------------------
##>M:Initial                            0         -         -     13769     22475      1041
##>M:Pre Cleanup                        0         -         -     13769     22475      1041
##>M:Setup                              0         -         -         -         -         -
##>M:Launch ST                          0         -         -         -         -         -
##>M:Design Partition                   0         -         -         -         -         -
##>M:Create Partition Netlists          0         -         -         -         -         -
##>M:Init Power                         0         -         -         -         -         -
##>M:Budgeting                          0         -         -         -         -         -
##>M:Derenv-DB                          0         -         -         -         -         -
##>M:Debug Outputs                      0         -         -         -         -         -
##>M:ST loading                         0         -         -         -         -         -
##>M:Distributed                        0         -         -         -         -         -
##>M:Timer                              0         -         -         -         -         -
##>M:Assembly                           0         -         -         -         -         -
##>M:DFT                                0         -         -         -         -         -
##>M:DP Operations                      2         -         -      4986      8227      1048
##>M:Const Prop                         0     -2935     78255      4986      8227      1048
##>M:Cleanup                            5     -2652     69899      5128      8345      1052
##>M:MBCI                               0         -         -      5128      8345      1052
##>M:Const Gate Removal                 0         -         -         -         -         -
##>M:Misc                              45
##>----------------------------------------------------------------------------------------
##>Total Elapsed                       52
##>========================================================================================
Info    : Done mapping. [SYNTH-5]
        : Done mapping 'cascade_biquad'.
      flow.cputime  flow.realtime  timing.setup.tns  timing.setup.wns  snapshot
UM:*                                                                   syn_map
@file(syn.tcl) 18: syn_opt
Info    : Incrementally optimizing. [SYNTH-7]
        : Incrementally optimizing 'cascade_biquad' using 'high' effort.
 
Incremental optimization status
===============================
                                   Group   
                                  Tot Wrst     Total - - DRC Totals - -
                           Total  Weighted      Neg      Max       Max 
Operation                   Area   Slacks      Slack    Trans      Cap 
 init_iopt                  8345    -2652    -69899         0        0
            Worst cost_group: clk, WNS: -2652.6
            Path: in_sample[6] --> out_sample[14]
-------------------------------------------------------------------------------
 const_prop                 8345    -2652    -69899         0        0
            Worst cost_group: clk, WNS: -2652.6
            Path: in_sample[6] --> out_sample[14]
 simp_cc_inputs             8340    -2652    -69868         0        0
            Worst cost_group: clk, WNS: -2652.6
            Path: in_sample[6] --> out_sample[14]
-------------------------------------------------------------------------------
 hi_fo_buf                  8340    -2652    -69868         0        0
            Worst cost_group: clk, WNS: -2652.6
            Path: in_sample[6] --> out_sample[14]

           Trick     Calls     Accepts   Attempts    Time(secs) 
-----------------------------------------------------------
       hi_fo_buf         0  (        0 /        0 )  0.00

 
Incremental optimization status
===============================
                                   Group   
                                  Tot Wrst     Total - - DRC Totals - -
                           Total  Weighted      Neg      Max       Max 
Operation                   Area   Slacks      Slack    Trans      Cap 
 init_delay                 8340    -2652    -69868         0        0
            Worst cost_group: clk, WNS: -2652.6
            Path: in_sample[6] --> out_sample[14]
 incr_delay                 8369    -2593    -67722         0        0
            Worst cost_group: clk, WNS: -2593.4
            Path: in_sample[6] --> out_sample[14]
 incr_delay                 8396    -2566    -66895         0        0
            Worst cost_group: clk, WNS: -2566.8
            Path: in_sample[2] --> out_sample[14]
 incr_delay                 8410    -2552    -66326         0        0
            Worst cost_group: clk, WNS: -2552.1
            Path: in_sample[5] --> out_sample[14]
 incr_delay                 8426    -2538    -65976         0        0
            Worst cost_group: clk, WNS: -2538.0
            Path: in_sample[5] --> out_sample[14]
 incr_delay                 8431    -2533    -65933         0        0
            Worst cost_group: clk, WNS: -2533.6
            Path: in_sample[6] --> out_sample[14]
 incr_delay                 8432    -2523    -65587         0        0
            Worst cost_group: clk, WNS: -2523.9
            Path: in_sample[6] --> out_sample[14]
 incr_delay                 8440    -2513    -65114         0        0
            Worst cost_group: clk, WNS: -2513.4
            Path: in_sample[5] --> out_sample[14]
 incr_delay                 8444    -2509    -65213         0        0
            Worst cost_group: clk, WNS: -2509.6
            Path: in_sample[6] --> out_sample[14]
 incr_delay                 8446    -2508    -65189         0        0
            Worst cost_group: clk, WNS: -2508.4
            Path: in_sample[6] --> out_sample[14]

           Trick     Calls     Accepts   Attempts    Time(secs) 
-----------------------------------------------------------
        crit_msz      1550  (       79 /      230 )  6.59
       crit_upsz      1398  (       34 /       41 )  1.70
       crit_slew      1243  (        4 /       36 )  1.50
        setup_dn      1212  (        0 /        0 )  0.00
    plc_bal_star         0  (        0 /        0 )  0.00
     drc_buftimb         0  (        0 /        0 )  0.00
          plc_st      1212  (        0 /        0 )  0.00
    plc_st_fence      1212  (        0 /        0 )  0.00
        plc_star      1212  (        0 /        0 )  0.00
      plc_laf_st      1212  (        0 /        0 )  0.00
 plc_laf_st_fence      1212  (        0 /        0 )  0.00
     drc_buftims         0  (        0 /        0 )  0.00
   plc_laf_lo_st      1212  (        0 /        0 )  0.00
       plc_lo_st      1212  (        0 /        0 )  0.00
            fopt      1212  (        0 /        0 )  0.03
       crit_swap      1233  (        2 /       18 )  0.80
       mux2_swap      1212  (        0 /        1 )  0.03
       crit_dnsz       645  (       16 /       66 )  1.69
       load_swap      1250  (        0 /        4 )  0.32
            fopt      1393  (       27 /       30 )  1.26
        setup_dn      1224  (        0 /        0 )  0.00
       load_isol      1493  (       77 /      165 )  7.27
       load_isol      1191  (        0 /       10 )  0.89
        move_for      1290  (        7 /       35 )  1.27
        move_for      1182  (        0 /       10 )  0.31
          rem_bi      1182  (        0 /        1 )  0.02
         offload      1182  (        0 /        0 )  0.01
          rem_bi      1251  (        1 /       60 )  1.44
         offload      1194  (        1 /       18 )  0.72
           phase      1191  (        0 /        0 )  0.00
        in_phase      1191  (        0 /        0 )  0.00
       merge_bit      1303  (        4 /       30 )  0.62
     merge_idrvr      1214  (        0 /        0 )  0.00
     merge_iload      1214  (        0 /        0 )  0.00
    merge_idload      1214  (        0 /        0 )  0.00
      merge_drvr      1240  (        2 /       30 )  0.83
      merge_load      1210  (        0 /       27 )  0.76
          decomp      1214  (        1 /        4 )  2.98
        p_decomp      1212  (        0 /        0 )  1.33
        levelize      1260  (        2 /       34 )  0.85
        mb_split      1211  (        0 /        0 )  0.00
             dup      1218  (        1 /        3 )  0.23
      mux_retime      1212  (        0 /        3 )  0.01
         buf2inv      1212  (        0 /        0 )  0.00
             exp       139  (        6 /      119 )  4.04
       gate_deco       701  (        0 /       84 )  4.60
       gcomp_tim       626  (       25 /      100 )  4.29
  inv_pair_2_buf      1303  (        0 /        0 )  0.01

 incr_delay                 8558    -2448    -62563         0        0
            Worst cost_group: clk, WNS: -2448.2
            Path: in_sample[2] --> out_sample[10]
 incr_delay                 8616    -2406    -60835         0        0
            Worst cost_group: clk, WNS: -2406.7
            Path: in_sample[2] --> out_sample[14]
 incr_delay                 8623    -2402    -60636         0        0
            Worst cost_group: clk, WNS: -2402.6
            Path: in_sample[3] --> out_sample[14]
 incr_delay                 8632    -2388    -60158         0        0
            Worst cost_group: clk, WNS: -2388.5
            Path: in_sample[3] --> out_sample[14]
 incr_delay                 8722    -2334    -58438         0        0
            Worst cost_group: clk, WNS: -2334.9
            Path: in_sample[1] --> out_sample[14]
 incr_delay                 8755    -2315    -57740         0        0
            Worst cost_group: clk, WNS: -2315.5
            Path: in_sample[3] --> out_sample[13]
 incr_delay                 8816    -2252    -55511         0        0
            Worst cost_group: clk, WNS: -2252.3
            Path: in_sample[3] --> out_sample[14]
 incr_delay                 8855    -2222    -54566         0        0
            Worst cost_group: clk, WNS: -2222.8
            Path: in_sample[4] --> out_sample[14]
 incr_delay                 8893    -2210    -54016         0        0
            Worst cost_group: clk, WNS: -2210.5
            Path: in_sample[4] --> out_sample[14]
 incr_delay                 8889    -2209    -53971         0        0
            Worst cost_group: clk, WNS: -2209.3
            Path: in_sample[3] --> out_sample[14]
 incr_delay                 8923    -2166    -52728         0        0
            Worst cost_group: clk, WNS: -2166.9
            Path: in_sample[5] --> out_sample[14]
 incr_delay                 8928    -2166    -52724         0        0
            Worst cost_group: clk, WNS: -2166.8
            Path: in_sample[4] --> out_sample[14]
 incr_delay                 8937    -2162    -52566         0        0
            Worst cost_group: clk, WNS: -2162.5
            Path: in_sample[4] --> out_sample[14]
 incr_delay                 8937    -2161    -52563         0        0
            Worst cost_group: clk, WNS: -2161.3
            Path: in_sample[4] --> out_sample[10]
 incr_delay                 8948    -2149    -52183         0        0
            Worst cost_group: clk, WNS: -2149.2
            Path: in_sample[4] --> out_sample[14]
 incr_delay                 8956    -2141    -51911         0        0
            Worst cost_group: clk, WNS: -2141.4
            Path: in_sample[4] --> out_sample[14]
 incr_delay                 8976    -2126    -51535         0        0
            Worst cost_group: clk, WNS: -2126.3
            Path: in_sample[4] --> out_sample[10]
 incr_delay                 8990    -2117    -51223         0        0
            Worst cost_group: clk, WNS: -2117.0
            Path: in_sample[4] --> out_sample[14]
 incr_delay                 8988    -2117    -51223         0        0
            Worst cost_group: clk, WNS: -2117.0
            Path: in_sample[4] --> out_sample[14]
 incr_delay                 9015    -2104    -50874         0        0
            Worst cost_group: clk, WNS: -2104.0
            Path: in_sample[3] --> out_sample[14]
 incr_delay                 9034    -2097    -50634         0        0
            Worst cost_group: clk, WNS: -2097.0
            Path: in_sample[5] --> out_sample[14]
 incr_delay                 9056    -2092    -50480         0        0
            Worst cost_group: clk, WNS: -2092.2
            Path: in_sample[4] --> out_sample[14]
 incr_delay                 9063    -2090    -50439         0        0
            Worst cost_group: clk, WNS: -2090.7
            Path: in_sample[1] --> out_sample[14]
 incr_delay                 9077    -2081    -50134         0        0
            Worst cost_group: clk, WNS: -2081.5
            Path: in_sample[1] --> out_sample[10]
 incr_delay                 9078    -2081    -50125         0        0
            Worst cost_group: clk, WNS: -2081.2
            Path: in_sample[1] --> out_sample[10]
 incr_delay                 9081    -2077    -50016         0        0
            Worst cost_group: clk, WNS: -2077.8
            Path: in_sample[3] --> out_sample[10]
 incr_delay                 9081    -2077    -49990         0        0
            Worst cost_group: clk, WNS: -2077.0
            Path: in_sample[6] --> out_sample[10]
 incr_delay                 9079    -2075    -49941         0        0
            Worst cost_group: clk, WNS: -2075.4
            Path: in_sample[3] --> out_sample[9]
 incr_delay                 9079    -2072    -49889         0        0
            Worst cost_group: clk, WNS: -2072.6
            Path: in_sample[3] --> out_sample[14]
 incr_delay                 9090    -2062    -49635         0        0
            Worst cost_group: clk, WNS: -2062.8
            Path: in_sample[3] --> out_sample[10]
 incr_delay                 9090    -2062    -49633         0        0
            Worst cost_group: clk, WNS: -2062.0
            Path: in_sample[3] --> out_sample[14]
 incr_delay                 9091    -2061    -49627         0        0
            Worst cost_group: clk, WNS: -2061.8
            Path: in_sample[3] --> out_sample[14]
 incr_delay                 9091    -2061    -49627         0        0
            Worst cost_group: clk, WNS: -2061.8
            Path: in_sample[3] --> out_sample[14]
 incr_delay                 9099    -2055    -49433         0        0
            Worst cost_group: clk, WNS: -2055.5
            Path: in_sample[3] --> out_sample[14]

           Trick     Calls     Accepts   Attempts    Time(secs) 
-----------------------------------------------------------
         crr_220       209  (       59 /      209 )  71.79
        crr_glob      1077  (       33 /       59 )  2.26
         crr_200       460  (      160 /      460 )  13.24
        crr_glob      3368  (       99 /      160 )  3.73
         crr_300       289  (       69 /      289 )  15.39
        crr_glob      1145  (       17 /       69 )  2.14
         crr_400       228  (       38 /      227 )  20.28
        crr_glob       931  (       13 /       38 )  1.42
         crr_111       448  (      148 /      448 )  53.06
        crr_glob      3116  (       69 /      148 )  4.51
         crr_210       452  (      152 /      452 )  51.92
        crr_glob      2878  (       69 /      152 )  4.45
         crr_110       511  (      211 /      511 )  28.17
        crr_glob      4007  (      100 /      211 )  5.38
         crr_101       475  (      145 /      445 )  15.68
        crr_glob      3478  (       89 /      145 )  3.63
         crr_201       440  (      140 /      440 )  30.73
        crr_glob      2289  (       55 /      140 )  4.31
         crr_211       318  (       68 /      318 )  86.51
        crr_glob       741  (        6 /       68 )  3.21
        crit_msz       825  (       51 /      147 )  4.33
       crit_upsz       968  (       68 /       97 )  2.37
       crit_slew       527  (        0 /       15 )  0.74
        setup_dn      1091  (        0 /        0 )  0.00
    plc_bal_star         0  (        0 /        0 )  0.00
     drc_buftimb         0  (        0 /        0 )  0.00
          plc_st       527  (        0 /        0 )  0.00
    plc_st_fence       527  (        0 /        0 )  0.00
        plc_star       527  (        0 /        0 )  0.00
      plc_laf_st       527  (        0 /        0 )  0.00
 plc_laf_st_fence       527  (        0 /        0 )  0.00
     drc_buftims         0  (        0 /        0 )  0.00
       plc_lo_st       527  (        0 /        0 )  0.00
            fopt      1251  (       35 /       42 )  1.27
       crit_swap       542  (        2 /        9 )  0.47
       mux2_swap       525  (        0 /        0 )  0.01
       crit_dnsz       393  (       12 /       38 )  1.06
       load_swap       544  (        1 /        9 )  0.35
            fopt      1251  (       35 /       42 )  1.27
        setup_dn      1091  (        0 /        0 )  0.00
       load_isol      1335  (       52 /      106 )  4.85
       load_isol      1335  (       52 /      106 )  4.85
        move_for      1136  (       10 /       28 )  1.05
        move_for      1136  (       10 /       28 )  1.05
          rem_bi      1157  (        4 /       36 )  1.01
         offload      1139  (        3 /       16 )  0.62
          rem_bi      1157  (        4 /       36 )  1.01
         offload      1139  (        3 /       16 )  0.62
       merge_bit       636  (        4 /       29 )  0.64
     merge_idrvr       546  (        0 /        0 )  0.00
     merge_iload       546  (        0 /        0 )  0.00
    merge_idload       597  (        1 /        1 )  0.02
      merge_drvr       577  (        1 /       10 )  0.34
      merge_load       542  (        0 /        8 )  0.30
           phase       542  (        0 /        0 )  0.00
          decomp       542  (        0 /       10 )  1.59
        p_decomp       542  (        0 /        1 )  0.56
        levelize       548  (        1 /       30 )  0.79
        mb_split       544  (        0 /        0 )  0.00
        in_phase       544  (        0 /        0 )  0.00
             dup       557  (        1 /        2 )  0.11
      mux_retime       544  (        0 /        1 )  0.00
         buf2inv       544  (        0 /        0 )  0.00
             exp        85  (        4 /       82 )  3.24
       gate_deco       529  (        3 /       51 )  3.37
       gcomp_tim       731  (       25 /      126 )  5.13
  inv_pair_2_buf       657  (        0 /        0 )  0.00
 init_drc                   9099    -2055    -49433         0        0
            Worst cost_group: clk, WNS: -2055.5
            Path: in_sample[3] --> out_sample[14]

           Trick     Calls     Accepts   Attempts    Time(secs) 
-----------------------------------------------------------
          plc_st         0  (        0 /        0 )  0.00
        plc_star         0  (        0 /        0 )  0.00
        drc_bufs         0  (        0 /        0 )  0.00
        drc_fopt         0  (        0 /        0 )  0.00
        drc_bufb         0  (        0 /        0 )  0.00
      simple_buf         0  (        0 /        0 )  0.00
             dup         0  (        0 /        0 )  0.00
       crit_dnsz         0  (        0 /        0 )  0.00
       crit_upsz         0  (        0 /        0 )  0.00
       crit_slew         0  (        0 /        0 )  0.00


           Trick     Calls     Accepts   Attempts    Time(secs) 
-----------------------------------------------------------
          plc_st         0  (        0 /        0 )  0.00
        plc_star         0  (        0 /        0 )  0.00
      drc_buf_sp         0  (        0 /        0 )  0.00
        drc_bufs         0  (        0 /        0 )  0.00
        drc_fopt         0  (        0 /        0 )  0.00
        drc_bufb         0  (        0 /        0 )  0.00
      simple_buf         0  (        0 /        0 )  0.00
             dup         0  (        0 /        0 )  0.00
       crit_dnsz         0  (        0 /        0 )  0.00
       crit_upsz         0  (        0 /        0 )  0.00


           Trick     Calls     Accepts   Attempts    Time(secs) 
-----------------------------------------------------------
          plc_st         0  (        0 /        0 )  0.00
        plc_star         0  (        0 /        0 )  0.00
      drc_buf_sp         0  (        0 /        0 )  0.00
        drc_bufs         0  (        0 /        0 )  0.00
        drc_fopt         0  (        0 /        0 )  0.00
        drc_bufb         0  (        0 /        0 )  0.00
             dup         0  (        0 /        0 )  0.00
       crit_dnsz         0  (        0 /        0 )  0.00
       crit_upsz         0  (        0 /        0 )  0.00

 init_tns                   9099    -2055    -49433         0        0
            Worst cost_group: clk, WNS: -2055.5
            Path: in_sample[3] --> out_sample[14]
 incr_tns                   9081    -2052    -48588         0        0
            Worst cost_group: clk, WNS: -2052.9
            Path: in_sample[3] --> out_sample[14]
 incr_tns                   9081    -2052    -48588         0        0
            Worst cost_group: clk, WNS: -2052.9
            Path: in_sample[3] --> out_sample[14]

           Trick     Calls     Accepts   Attempts    Time(secs) 
-----------------------------------------------------------
            fopt       482  (        0 /        0 )  0.02
    plc_bal_star         0  (        0 /        0 )  0.00
     drc_buftimb         0  (        0 /        0 )  0.00
     drc_buftims         0  (        0 /        0 )  0.00
        crit_msz       482  (       14 /       93 )  1.54
       crit_upsz       468  (       13 /       41 )  0.60
   plc_laf_lo_st       455  (        0 /        0 )  0.00
       plc_lo_st       455  (        0 /        0 )  0.00
       crit_swap       455  (        0 /       19 )  0.27
       mux2_swap       455  (        0 /        0 )  0.00
       crit_dnsz       248  (       15 /       75 )  0.45
       load_swap       440  (        0 /       33 )  0.17
            fopt       440  (        3 /       13 )  0.30
        setup_dn       437  (        0 /        0 )  0.00
       load_isol       437  (        2 /       30 )  1.59
       load_isol       435  (        0 /        2 )  0.27
        move_for       435  (        9 /       23 )  0.40
        move_for       426  (        4 /       12 )  0.20
          rem_bi       422  (        2 /        6 )  0.07
         offload       420  (        0 /        4 )  0.06
          rem_bi       420  (        6 /       30 )  0.36
         offload       414  (        0 /       26 )  0.37
       merge_bit       461  (        3 /       26 )  0.20
     merge_idrvr       411  (        0 /        0 )  0.00
     merge_iload       411  (        0 /        0 )  0.00
    merge_idload       411  (        0 /        0 )  0.01
      merge_drvr       411  (        1 /        1 )  0.06
      merge_load       410  (        0 /        0 )  0.06
           phase       410  (        0 /        0 )  0.00
          decomp       410  (        1 /        3 )  0.86
        p_decomp       409  (        0 /        0 )  0.41
        levelize       409  (        0 /        0 )  0.05
        mb_split       409  (        0 /        0 )  0.00
             dup       409  (        1 /        1 )  0.06
      mux_retime       408  (        0 /        0 )  0.00
       crr_local       408  (       24 /       93 )  11.58
         buf2inv       384  (        0 /        0 )  0.00

 init_area                  9081    -2052    -48588         0        0
            Worst cost_group: clk, WNS: -2052.9
            Path: in_sample[3] --> out_sample[14]
 undup                      9074    -2052    -48588         0        0
            Worst cost_group: clk, WNS: -2052.9
            Path: in_sample[3] --> out_sample[14]
 rem_buf                    8998    -2052    -48584         0        0
            Worst cost_group: clk, WNS: -2052.7
            Path: in_sample[3] --> out_sample[14]
 rem_inv                    8948    -2052    -48584         0        0
            Worst cost_group: clk, WNS: -2052.7
            Path: in_sample[3] --> out_sample[14]
 merge_bi                   8883    -2052    -48575         0        0
            Worst cost_group: clk, WNS: -2052.7
            Path: in_sample[3] --> out_sample[14]
 merge_bi                   8883    -2052    -48575         0        0
            Worst cost_group: clk, WNS: -2052.7
            Path: in_sample[3] --> out_sample[14]
 rem_inv_qb                 8823    -2052    -48575         0        0
            Worst cost_group: clk, WNS: -2052.7
            Path: in_sample[3] --> out_sample[14]
 seq_res_area               8818    -2052    -48575         0        0
            Worst cost_group: clk, WNS: -2052.7
            Path: in_sample[3] --> out_sample[14]
 io_phase                   8788    -2052    -48570         0        0
            Worst cost_group: clk, WNS: -2052.7
            Path: in_sample[1] --> out_sample[14]
 gate_comp                  8772    -2052    -48565         0        0
            Worst cost_group: clk, WNS: -2052.7
            Path: in_sample[1] --> out_sample[14]
 gcomp_mog                  8768    -2052    -48565         0        0
            Worst cost_group: clk, WNS: -2052.7
            Path: in_sample[1] --> out_sample[14]
 glob_area                  8711    -2051    -48555         0        0
            Worst cost_group: clk, WNS: -2051.9
            Path: in_sample[1] --> out_sample[9]
 area_down                  8707    -2051    -48555         0        0
            Worst cost_group: clk, WNS: -2051.9
            Path: in_sample[1] --> out_sample[9]
 rem_buf                    8688    -2051    -48521         0        0
            Worst cost_group: clk, WNS: -2051.9
            Path: in_sample[1] --> out_sample[9]
 rem_inv                    8682    -2051    -48521         0        0
            Worst cost_group: clk, WNS: -2051.9
            Path: in_sample[1] --> out_sample[9]
 merge_bi                   8677    -2051    -48521         0        0
            Worst cost_group: clk, WNS: -2051.9
            Path: in_sample[1] --> out_sample[9]
 rem_inv_qb                 8673    -2051    -48521         0        0
            Worst cost_group: clk, WNS: -2051.9
            Path: in_sample[1] --> out_sample[9]

           Trick     Calls     Accepts   Attempts    Time(secs) 
-----------------------------------------------------------
           undup        26  (        7 /        7 )  0.12
         rem_buf       323  (       83 /      154 )  1.71
         rem_inv       283  (       79 /      153 )  1.58
        merge_bi       353  (      121 /      165 )  1.38
      rem_inv_qb       136  (        3 /        3 )  0.23
    seq_res_area         3  (        1 /        1 )  0.93
        io_phase       173  (       60 /       69 )  0.60
       gate_comp       644  (       23 /       40 )  2.29
       gcomp_mog        31  (        4 /        4 )  0.56
       glob_area       181  (      106 /      181 )  0.91
       area_down        52  (        9 /       37 )  0.68
      size_n_buf         1  (        0 /        0 )  0.03
  gate_deco_area         0  (        0 /        0 )  0.01
         rem_buf       235  (       25 /       94 )  1.51
         rem_inv       162  (       10 /       69 )  1.15
        merge_bi       212  (       11 /       52 )  0.93
      rem_inv_qb        37  (        1 /        1 )  0.06

 
Incremental optimization status
===============================
                                   Group   
                                  Tot Wrst     Total - - DRC Totals - -
                           Total  Weighted      Neg      Max       Max 
Operation                   Area   Slacks      Slack    Trans      Cap 
 init_delay                 8673    -2051    -48521         0        0
            Worst cost_group: clk, WNS: -2051.9
            Path: in_sample[1] --> out_sample[9]
 incr_delay                 8687    -2050    -48458         0        0
            Worst cost_group: clk, WNS: -2050.1
            Path: in_sample[5] --> out_sample[14]
 incr_delay                 8695    -2046    -48344         0        0
            Worst cost_group: clk, WNS: -2046.5
            Path: in_sample[5] --> out_sample[14]
 incr_delay                 8701    -2045    -48335         0        0
            Worst cost_group: clk, WNS: -2045.7
            Path: in_sample[4] --> out_sample[14]
 incr_delay                 8701    -2045    -48334         0        0
            Worst cost_group: clk, WNS: -2045.5
            Path: in_sample[4] --> out_sample[14]
 incr_delay                 8702    -2044    -48347         0        0
            Worst cost_group: clk, WNS: -2044.9
            Path: in_sample[4] --> out_sample[14]
 incr_delay                 8717    -2035    -48245         0        0
            Worst cost_group: clk, WNS: -2035.3
            Path: in_sample[8] --> out_sample[14]
 incr_delay                 8714    -2034    -48226         0        0
            Worst cost_group: clk, WNS: -2034.7
            Path: in_sample[3] --> out_sample[14]
 incr_delay                 8718    -2032    -48159         0        0
            Worst cost_group: clk, WNS: -2032.1
            Path: in_sample[7] --> out_sample[14]
 incr_delay                 8731    -2023    -47894         0        0
            Worst cost_group: clk, WNS: -2023.8
            Path: in_sample[7] --> out_sample[14]
 incr_delay                 8731    -2023    -47871         0        0
            Worst cost_group: clk, WNS: -2023.1
            Path: in_sample[7] --> out_sample[14]
 incr_delay                 8731    -2022    -47865         0        0
            Worst cost_group: clk, WNS: -2022.9
            Path: in_sample[7] --> out_sample[14]
 incr_delay                 8736    -2018    -47796         0        0
            Worst cost_group: clk, WNS: -2018.1
            Path: in_sample[7] --> out_sample[14]
 incr_delay                 8734    -2017    -47767         0        0
            Worst cost_group: clk, WNS: -2017.2
            Path: in_sample[7] --> out_sample[14]
 incr_delay                 8741    -2014    -47719         0        0
            Worst cost_group: clk, WNS: -2014.8
            Path: in_sample[4] --> out_sample[4]
 incr_delay                 8742    -2014    -47710         0        0
            Worst cost_group: clk, WNS: -2014.5
            Path: in_sample[7] --> out_sample[4]
 incr_delay                 8744    -2014    -47710         0        0
            Worst cost_group: clk, WNS: -2014.5
            Path: in_sample[7] --> out_sample[4]
 incr_delay                 8743    -2014    -47710         0        0
            Worst cost_group: clk, WNS: -2014.4
            Path: in_sample[7] --> out_sample[14]
 incr_delay                 8747    -2014    -47689         0        0
            Worst cost_group: clk, WNS: -2014.0
            Path: in_sample[7] --> out_sample[14]
 incr_delay                 8748    -2012    -47642         0        0
            Worst cost_group: clk, WNS: -2012.8
            Path: in_sample[7] --> out_sample[14]
 incr_delay                 8749    -2012    -47625         0        0
            Worst cost_group: clk, WNS: -2012.2
            Path: in_sample[4] --> out_sample[14]
 incr_delay                 8756    -2009    -47644         0        0
            Worst cost_group: clk, WNS: -2009.1
            Path: in_sample[4] --> out_sample[14]

           Trick     Calls     Accepts   Attempts    Time(secs) 
-----------------------------------------------------------
         crr_220       210  (       60 /      210 )  65.04
        crr_glob       716  (       12 /       60 )  2.64
         crr_200       325  (       87 /      324 )  8.94
        crr_glob      1696  (       41 /       87 )  2.25
         crr_300       140  (       25 /      140 )  8.03
        crr_glob       423  (        4 /       25 )  0.88
         crr_400       115  (       20 /      115 )  10.51
        crr_glob       334  (        2 /       20 )  0.81
         crr_111       180  (       24 /      180 )  20.03
        crr_glob       208  (        1 /       24 )  1.16
         crr_210       174  (       35 /      174 )  23.58
        crr_glob       306  (        2 /       35 )  1.35
         crr_110       390  (       90 /      390 )  20.55
        crr_glob      1610  (       31 /       90 )  2.71
         crr_101       294  (       55 /      275 )  8.99
        crr_glob       581  (        8 /       55 )  1.71
         crr_201       150  (       22 /      150 )  10.48
        crr_glob       223  (        0 /       22 )  0.91
         crr_211       177  (       26 /      177 )  47.27
        crr_glob       324  (        1 /       26 )  1.43
        crit_msz       345  (        5 /       43 )  1.59
       crit_upsz       432  (       15 /       27 )  0.85
       crit_slew       313  (        1 /       16 )  0.56
        setup_dn       626  (        0 /        0 )  0.00
    plc_bal_star         0  (        0 /        0 )  0.00
     drc_buftimb         0  (        0 /        0 )  0.00
          plc_st       312  (        0 /        0 )  0.00
    plc_st_fence       312  (        0 /        0 )  0.00
        plc_star       312  (        0 /        0 )  0.00
      plc_laf_st       312  (        0 /        0 )  0.00
 plc_laf_st_fence       312  (        0 /        0 )  0.00
     drc_buftims         0  (        0 /        0 )  0.00
       plc_lo_st       312  (        0 /        0 )  0.00
            fopt       693  (       15 /       17 )  0.56
       crit_swap       312  (        0 /        3 )  0.18
       mux2_swap       312  (        0 /        1 )  0.06
       crit_dnsz       198  (        4 /       15 )  0.47
       load_swap       337  (        0 /        4 )  0.17
            fopt       693  (       15 /       17 )  0.56
        setup_dn       626  (        0 /        0 )  0.00
       load_isol       748  (       16 /       56 )  2.73
       load_isol       748  (       16 /       56 )  2.73
        move_for       724  (        3 /       10 )  0.44
        move_for       724  (        3 /       10 )  0.44
          rem_bi       698  (        0 /       15 )  0.45
         offload       698  (        0 /        6 )  0.28
          rem_bi       698  (        0 /       15 )  0.45
         offload       698  (        0 /        6 )  0.28
       merge_bit       377  (        0 /       12 )  0.28
     merge_idrvr       349  (        0 /        0 )  0.00
     merge_iload       349  (        0 /        0 )  0.00
    merge_idload       349  (        0 /        1 )  0.02
      merge_drvr       349  (        0 /        4 )  0.16
      merge_load       349  (        0 /        4 )  0.16
           phase       349  (        0 /        0 )  0.00
          decomp       349  (        0 /        2 )  0.91
        p_decomp       349  (        0 /        1 )  0.38
        levelize       349  (        0 /       15 )  0.41
        mb_split       349  (        0 /        0 )  0.00
        in_phase       349  (        0 /        0 )  0.00
             dup       349  (        0 /        0 )  0.03
      mux_retime       349  (        0 /        2 )  0.01
         buf2inv       349  (        0 /        0 )  0.00
             exp        79  (        1 /       75 )  3.16
       gate_deco       250  (        0 /       21 )  1.53
       gcomp_tim       294  (        4 /       25 )  1.48
  inv_pair_2_buf       385  (        0 /        0 )  0.00
 init_drc                   8756    -2009    -47644         0        0
            Worst cost_group: clk, WNS: -2009.1
            Path: in_sample[4] --> out_sample[14]

           Trick     Calls     Accepts   Attempts    Time(secs) 
-----------------------------------------------------------
          plc_st         0  (        0 /        0 )  0.00
        plc_star         0  (        0 /        0 )  0.00
        drc_bufs         0  (        0 /        0 )  0.00
        drc_fopt         0  (        0 /        0 )  0.00
        drc_bufb         0  (        0 /        0 )  0.00
      simple_buf         0  (        0 /        0 )  0.00
             dup         0  (        0 /        0 )  0.00
       crit_dnsz         0  (        0 /        0 )  0.00
       crit_upsz         0  (        0 /        0 )  0.00
       crit_slew         0  (        0 /        0 )  0.00


           Trick     Calls     Accepts   Attempts    Time(secs) 
-----------------------------------------------------------
          plc_st         0  (        0 /        0 )  0.00
        plc_star         0  (        0 /        0 )  0.00
        drc_bufs         0  (        0 /        0 )  0.00
        drc_fopt         0  (        0 /        0 )  0.00
        drc_bufb         0  (        0 /        0 )  0.00
      simple_buf         0  (        0 /        0 )  0.00
             dup         0  (        0 /        0 )  0.00
       crit_dnsz         0  (        0 /        0 )  0.00
       crit_upsz         0  (        0 /        0 )  0.00


           Trick     Calls     Accepts   Attempts    Time(secs) 
-----------------------------------------------------------
          plc_st         0  (        0 /        0 )  0.00
        plc_star         0  (        0 /        0 )  0.00
        drc_bufs         0  (        0 /        0 )  0.00
        drc_fopt         0  (        0 /        0 )  0.00
        drc_bufb         0  (        0 /        0 )  0.00
             dup         0  (        0 /        0 )  0.00
       crit_dnsz         0  (        0 /        0 )  0.00
       crit_upsz         0  (        0 /        0 )  0.00

 init_tns                   8756    -2009    -47644         0        0
            Worst cost_group: clk, WNS: -2009.1
            Path: in_sample[4] --> out_sample[14]
 incr_tns                   8746    -2004    -47294         0        0
            Worst cost_group: clk, WNS: -2004.8
            Path: in_sample[4] --> out_sample[4]
 incr_tns                   8746    -2004    -47294         0        0
            Worst cost_group: clk, WNS: -2004.8
            Path: in_sample[4] --> out_sample[4]

           Trick     Calls     Accepts   Attempts    Time(secs) 
-----------------------------------------------------------
            fopt       306  (        0 /        0 )  0.01
    plc_bal_star         0  (        0 /        0 )  0.00
     drc_buftimb         0  (        0 /        0 )  0.00
     drc_buftims         0  (        0 /        0 )  0.00
        crit_msz       306  (       10 /       66 )  1.42
       crit_upsz       296  (        4 /       30 )  0.51
   plc_laf_lo_st       292  (        0 /        0 )  0.00
       plc_lo_st       292  (        0 /        0 )  0.00
       crit_swap       292  (        1 /       20 )  0.40
       mux2_swap       291  (        0 /        2 )  0.05
       crit_dnsz       185  (       17 /       57 )  0.51
       load_swap       274  (        0 /       28 )  0.24
            fopt       274  (        2 /        9 )  0.23
        setup_dn       272  (        0 /        0 )  0.00
       load_isol       272  (        2 /       23 )  1.14
       load_isol       270  (        0 /        4 )  0.19
        move_for       270  (        2 /       12 )  0.26
        move_for       268  (        1 /        4 )  0.09
          rem_bi       267  (        1 /        4 )  0.07
         offload       266  (        1 /        3 )  0.04
          rem_bi       265  (        3 /       11 )  0.17
         offload       262  (        0 /        8 )  0.16
       merge_bit       285  (        1 /        4 )  0.06
     merge_idrvr       261  (        0 /        0 )  0.00
     merge_iload       261  (        0 /        0 )  0.00
    merge_idload       261  (        0 /        0 )  0.00
      merge_drvr       261  (        0 /        1 )  0.09
      merge_load       261  (        0 /        1 )  0.08
           phase       261  (        0 /        0 )  0.00
          decomp       261  (        0 /        4 )  0.67
        p_decomp       261  (        0 /        1 )  0.23
        levelize       261  (        0 /        2 )  0.07
        mb_split       261  (        0 /        0 )  0.00
             dup       261  (        0 /        0 )  0.01
      mux_retime       261  (        0 /        1 )  0.00
       crr_local       261  (        8 /       61 )  9.13
         buf2inv       253  (        0 /        0 )  0.00

 init_area                  8746    -2004    -47294         0        0
            Worst cost_group: clk, WNS: -2004.8
            Path: in_sample[4] --> out_sample[4]
 undup                      8742    -2004    -47294         0        0
            Worst cost_group: clk, WNS: -2004.8
            Path: in_sample[4] --> out_sample[4]
 rem_buf                    8726    -2004    -47294         0        0
            Worst cost_group: clk, WNS: -2004.8
            Path: in_sample[4] --> out_sample[4]
 rem_inv                    8719    -2004    -47294         0        0
            Worst cost_group: clk, WNS: -2004.8
            Path: in_sample[4] --> out_sample[4]
 merge_bi                   8713    -2004    -47290         0        0
            Worst cost_group: clk, WNS: -2004.8
            Path: in_sample[4] --> out_sample[4]
 io_phase                   8709    -2004    -47290         0        0
            Worst cost_group: clk, WNS: -2004.8
            Path: in_sample[4] --> out_sample[4]
 gate_comp                  8706    -2004    -47290         0        0
            Worst cost_group: clk, WNS: -2004.8
            Path: in_sample[4] --> out_sample[4]
 gcomp_mog                  8704    -2004    -47290         0        0
            Worst cost_group: clk, WNS: -2004.8
            Path: in_sample[4] --> out_sample[4]
 glob_area                  8692    -2004    -47290         0        0
            Worst cost_group: clk, WNS: -2004.8
            Path: in_sample[4] --> out_sample[4]
 area_down                  8690    -2004    -47290         0        0
            Worst cost_group: clk, WNS: -2004.8
            Path: in_sample[4] --> out_sample[4]

           Trick     Calls     Accepts   Attempts    Time(secs) 
-----------------------------------------------------------
           undup        24  (        3 /       11 )  0.26
         rem_buf       242  (       19 /       86 )  1.43
         rem_inv       153  (       12 /       67 )  1.06
        merge_bi       196  (       11 /       46 )  0.92
      rem_inv_qb        31  (        0 /        0 )  0.05
        io_phase       108  (       13 /       19 )  0.35
       gate_comp       632  (        4 /       19 )  2.07
       gcomp_mog        23  (        1 /        1 )  0.49
       glob_area       150  (       44 /      150 )  0.77
       area_down        47  (        5 /       28 )  0.58
      size_n_buf         1  (        0 /        0 )  0.03
  gate_deco_area         0  (        0 /        0 )  0.00

 
Incremental optimization status
===============================
                                   Group   
                                  Tot Wrst     Total - - DRC Totals - -
                           Total  Weighted      Neg      Max       Max 
Operation                   Area   Slacks      Slack    Trans      Cap 
 init_delay                 8690    -2004    -47290         0        0
            Worst cost_group: clk, WNS: -2004.8
            Path: in_sample[4] --> out_sample[4]
 incr_delay                 8700    -2003    -47252         0        0
            Worst cost_group: clk, WNS: -2003.2
            Path: in_sample[7] --> out_sample[14]
 incr_delay                 8705    -2001    -47200         0        0
            Worst cost_group: clk, WNS: -2001.4
            Path: in_sample[7] --> out_sample[14]
 incr_delay                 8719    -1998    -47117         0        0
            Worst cost_group: clk, WNS: -1998.6
            Path: in_sample[7] --> out_sample[14]
 incr_delay                 8725    -1996    -47037         0        0
            Worst cost_group: clk, WNS: -1996.6
            Path: in_sample[7] --> out_sample[10]
 incr_delay                 8729    -1994    -46972         0        0
            Worst cost_group: clk, WNS: -1994.5
            Path: in_sample[7] --> out_sample[10]
 incr_delay                 8731    -1994    -46960         0        0
            Worst cost_group: clk, WNS: -1994.4
            Path: in_sample[7] --> out_sample[10]

           Trick     Calls     Accepts   Attempts    Time(secs) 
-----------------------------------------------------------
        crit_msz       859  (       10 /      127 )  4.36
       crit_upsz       896  (       19 /       42 )  1.66
       crit_slew       777  (        4 /       38 )  1.43
        setup_dn       743  (        0 /        0 )  0.00
    plc_bal_star         0  (        0 /        0 )  0.00
     drc_buftimb         0  (        0 /        0 )  0.00
          plc_st       743  (        0 /        0 )  0.00
    plc_st_fence       743  (        0 /        0 )  0.00
        plc_star       743  (        0 /        0 )  0.00
      plc_laf_st       743  (        0 /        0 )  0.00
 plc_laf_st_fence       743  (        0 /        0 )  0.00
     drc_buftims         0  (        0 /        0 )  0.00
   plc_laf_lo_st       743  (        0 /        0 )  0.00
       plc_lo_st       743  (        0 /        0 )  0.00
            fopt       743  (        0 /        0 )  0.02
       crit_swap       743  (        0 /       10 )  0.48
       mux2_swap       743  (        0 /        2 )  0.11
       crit_dnsz       388  (        2 /       13 )  0.62
       load_swap       741  (        0 /        4 )  0.24
            fopt       757  (        6 /        9 )  0.60
        setup_dn       720  (        0 /        0 )  0.00
       load_isol      1054  (       20 /       97 )  5.56
       load_isol       748  (        0 /        9 )  0.75
        move_for       774  (        2 /       16 )  0.74
        move_for       761  (        0 /        5 )  0.20
          rem_bi       761  (        0 /        0 )  0.00
         offload       761  (        0 /        0 )  0.00
          rem_bi       761  (        0 /       20 )  0.56
         offload       761  (        1 /       13 )  0.47
           phase       745  (        0 /        0 )  0.00
        in_phase       745  (        0 /        0 )  0.00
       merge_bit       826  (        1 /       20 )  0.52
     merge_idrvr       743  (        0 /        0 )  0.00
     merge_iload       743  (        0 /        0 )  0.00
    merge_idload       743  (        0 /        0 )  0.00
      merge_drvr       743  (        0 /        0 )  0.13
      merge_load       743  (        0 /        0 )  0.13
          decomp       743  (        0 /       40 )  3.05
        p_decomp       743  (        0 /        0 )  0.83
        levelize       743  (        0 /       43 )  1.13
        mb_split       743  (        0 /        0 )  0.00
             dup       743  (        0 /        0 )  0.12
      mux_retime       743  (        0 /        7 )  0.02
         buf2inv       743  (        0 /        0 )  0.00
             exp        45  (        3 /       44 )  1.63
       gate_deco       563  (        1 /       50 )  3.62
       gcomp_tim       391  (        6 /       60 )  2.67
  inv_pair_2_buf       842  (        0 /        0 )  0.00

 init_drc                   8731    -1994    -46960         0        0
            Worst cost_group: clk, WNS: -1994.4
            Path: in_sample[7] --> out_sample[10]

           Trick     Calls     Accepts   Attempts    Time(secs) 
-----------------------------------------------------------
          plc_st         0  (        0 /        0 )  0.00
        plc_star         0  (        0 /        0 )  0.00
        drc_bufs         0  (        0 /        0 )  0.00
        drc_fopt         0  (        0 /        0 )  0.00
        drc_bufb         0  (        0 /        0 )  0.00
      simple_buf         0  (        0 /        0 )  0.00
             dup         0  (        0 /        0 )  0.00
       crit_dnsz         0  (        0 /        0 )  0.00
       crit_upsz         0  (        0 /        0 )  0.00
       crit_slew         0  (        0 /        0 )  0.00


           Trick     Calls     Accepts   Attempts    Time(secs) 
-----------------------------------------------------------
          plc_st         0  (        0 /        0 )  0.00
        plc_star         0  (        0 /        0 )  0.00
        drc_bufs         0  (        0 /        0 )  0.00
        drc_fopt         0  (        0 /        0 )  0.00
        drc_bufb         0  (        0 /        0 )  0.00
      simple_buf         0  (        0 /        0 )  0.00
             dup         0  (        0 /        0 )  0.00
       crit_dnsz         0  (        0 /        0 )  0.00
       crit_upsz         0  (        0 /        0 )  0.00


           Trick     Calls     Accepts   Attempts    Time(secs) 
-----------------------------------------------------------
          plc_st         0  (        0 /        0 )  0.00
        plc_star         0  (        0 /        0 )  0.00
        drc_bufs         0  (        0 /        0 )  0.00
        drc_fopt         0  (        0 /        0 )  0.00
        drc_bufb         0  (        0 /        0 )  0.00
             dup         0  (        0 /        0 )  0.00
       crit_dnsz         0  (        0 /        0 )  0.00
       crit_upsz         0  (        0 /        0 )  0.00

==================================
Stage : incr_opt 
==================================
  =================
   Message Summary
  =================
-------------------------------------------------------------------------------------------------------------------
|   Id    |Sev  |Count |                                      Message Text                                        |
-------------------------------------------------------------------------------------------------------------------
| CFM-1   |Info |    1 |Wrote dofile.                                                                             |
| CFM-5   |Info |    1 |Wrote formal verification information.                                                    |
| GLO-51  |Info |    3 |Hierarchical instance automatically ungrouped.                                            |
|         |     |      |Hierarchical instances can be automatically ungrouped to allow for better area or timing  |
|         |     |      | optimization. To prevent this ungroup, set the root-level attribute 'auto_ungroup' to    |
|         |     |      | 'none'. You can also prevent individual ungroup with setting the attribute 'ungroup_ok'  |
|         |     |      | of instances or modules to 'false'.                                                      |
| PA-7    |Info |    4 |Resetting power analysis results.                                                         |
|         |     |      |All computed switching activities are removed.                                            |
| SYNTH-5 |Info |    1 |Done mapping.                                                                             |
| SYNTH-7 |Info |    1 |Incrementally optimizing.                                                                 |
-------------------------------------------------------------------------------------------------------------------
Info    : Done incrementally optimizing. [SYNTH-8]
        : Done incrementally optimizing 'cascade_biquad'.
      flow.cputime  flow.realtime  timing.setup.tns  timing.setup.wns  snapshot
UM:*                                                                   syn_opt
@file(syn.tcl) 21: exec mkdir -p rpt out
@file(syn.tcl) 22: report_timing -max_paths 5  > rpt/timing.rpt
@file(syn.tcl) 23: report_area                 > rpt/area.rpt
@file(syn.tcl) 24: report_gates                > rpt/gates.rpt
@file(syn.tcl) 25: report_power                > rpt/power.rpt
Info    : Joules engine is used. [RPT-16]
        : Joules engine is being used for the command report_power.
Info   : ACTP-0001 [ACTPInfo] Activity propagation started for stim#0 netlist
       : cascade_biquad
Info   : ACTP-0009 [ACTPInfo] Activity Propagation Progress Report :   0%   1%   2%   3%   4%   5%   6%   7%   8%   9%  10%  11%  12%  13%  14%  15%  16%  17%  18%  19%  20%  21%  22%  23%  24%  25%  26%  27%  28%  29%  30%  31%  32%  33%  34%  35%  36%  37%  38%  39%  40%  41%  42%  43%  44%  45%  46%  47%  48%  49%  50%  51%  52%  53%  54%  55%  56%  57%  58%  59%  60%  61%  62%  63%  64%  65%  66%  67%  68%  69%  70%  71%  72%  73%  74%  75%  76%  77%  78%  79%  80%  81%  82%  83%  84%  85%  86%  87%  88%  89%  90%  91%  92%  93%  94%  95%  96%  97%  98%  99% 100%
Info   : ACTP-0001 Activity propagation ended for stim#0
Info   : PWRA-0001 [PwrInfo] compute_power effective options 
       : -mode : vectorless
       : -skip_propagation : 1
       : -frequency_scaling_factor : 1.0
       : -use_clock_freq : stim
       : -stim :/stim#0
       : -fromGenus : 1
Info   : ACTP-0001 Timing initialization started
Info   : ACTP-0001 Timing initialization ended
Info   : PWRA-0002 [PwrInfo] Skipping activity propagation due to -skip_ap
       : option....
Warning: PWRA-0302 [PwrWarn] Frequency scaling is not applicable for vectorless
       : flow. Ignoring frequency scaling.
Warning: PWRA-0304 [PwrWarn] -stim option is not applicable with vectorless mode
       : of power analysis, ignored this option.
Info   : PWRA-0002 Started 'vectorless' power computation.
Info   : PWRA-0009 [PwrInfo] Power Computation Progress Report :  17%  35%  52%  82% 100%
Info   : PWRA-0002 Finished power computation.
Info   : PWRA-0007 [PwrInfo] Completed successfully.
       : Info=6, Warn=2, Error=0, Fatal=0
Output file: rpt/power.rpt
@file(syn.tcl) 27: write_hdl                   > out/netlist.v
@file(syn.tcl) 28: write_sdc                   > out/constraints.sdc
Finished SDC export (command execution time mm:ss (real) = 00:00).
@file(syn.tcl) 30: puts "WNS: [get_db [get_db timing_paths -limit 1] .slack]"
Error   : A command argument did not match any of the acceptable command options. [TUI-170] [get_db]
        : '-limit' is not a legal option for the command.
        : Check the command usage and correct the input to the command.
#@ End verbose source ./syn.tcl
1
Encountered problems processing file: syn.tcl
WARNING: This version of the tool is 1294 days old.
@genus:root: 2> 