Cadence Genus(TM) Synthesis Solution.
Copyright 2023 Cadence Design Systems, Inc. All rights reserved worldwide.
Cadence and the Cadence logo are registered trademarks and Genus is a trademark
of Cadence Design Systems, Inc. in the United States and other countries.

[15:59:38.003582] Configured Lic search path (21.01-s002): 5280@ece-itop-licsvr.ece.ufl.edu:27000@licsvr.ece.ufl.edu:27002@licsvr.ece.ufl.edu:1717@ece-itop-licsvr.ece.ufl.edu:1055@ece-itop-licsvr.ece.ufl.edu:28001@licsvr.ece.ufl.edu

Version: 21.17-s066_1, built Wed Mar 15 06:43:30 PDT 2023
Options: -files syn.tcl 
Date:    Tue Sep 29 15:59:38 2026
Host:    ece-lnx-05 (x86_64 w/Linux 4.18.0-553.155.1.el8_10.x86_64) (64cores*128cpus*1physical cpu*AMD EPYC 7662 64-Core Processor 512KB) (527531176KB)
PID:     2856024
OS:      Red Hat Enterprise Linux release 8.10 (Ootpa)


[15:59:38.477152] Periodic Lic check successful
[15:59:38.477161] Feature usage summary:
[15:59:38.477161] Genus_Synthesis
Checking out license: Genus_Synthesis


***********************************************************************************************************
***********************************************************************************************************



Loading tool scripts...
Finished loading tool scripts (8 seconds elapsed).

#@ Processing -files option
@genus 1> source syn.tcl
#@ Begin verbose source ./syn.tcl
@file(syn.tcl) 1: set LIBPATH "$env(HOME)/Desktop/RTL/iir/pdk"
@file(syn.tcl) 3: set_db init_lib_search_path $LIBPATH
@file(syn.tcl) 4: set_db library {NangateOpenCellLibrary_typical.lib}

Threads Configured:3

  Message Summary for Library NangateOpenCellLibrary_typical.lib:
  ***************************************************************
  An unsupported construct was detected in this library. [LBR-40]: 3
  ***************************************************************
 
Info    : Created nominal operating condition. [LBR-412]
        : Operating condition '_nominal_' was created for the PVT values (1.000000, 1.100000, 25.000000) in library 'NangateOpenCellLibrary_typical.lib'.
        : The nominal operating condition is represented, either by the nominal PVT values specified in the library source (via nom_process,nom_voltage and nom_temperature respectively), or by the default PVT values (1.0,1.0,1.0).
Warning : Library cell has no output pins defined. [LBR-9]
        : Library cell 'ANTENNA_X1' must have an output pin.
        : Add the missing output pin(s), then reload the library. Else the library cell will be marked as timing model i.e. unusable. Timing_model means that the cell does not have any defined function. If there is no output pin, Genus will mark library cell as unusable i.e. the attribute 'usable' will be marked to 'false' on the libcell. Therefore, the cell is not used for mapping and it will not be picked up from the library for synthesis. If you query the attribute 'unusable_reason' on the libcell; result will be: 'Library cell has no output pins.'Note: The message LBR-9 is only for the logical pins and not for the power_ground pins. Genus will depend upon the output function defined in the pin group (output pin) of the cell, to use it for mapping. The pg_pin will not have any function defined.
Warning : Library cell has no output pins defined. [LBR-9]
        : Library cell 'ANTENNA_X1' must have an output pin.
Warning : Library cell has no output pins defined. [LBR-9]
        : Library cell 'FILLCELL_X1' must have an output pin.
Warning : Library cell has no output pins defined. [LBR-9]
        : Library cell 'FILLCELL_X1' must have an output pin.
Warning : Library cell has no output pins defined. [LBR-9]
        : Library cell 'TAPCELL_X1' must have an output pin.
Warning : Library cell has no output pins defined. [LBR-9]
        : Library cell 'TAPCELL_X1' must have an output pin.
Warning : Library cell has no output pins defined. [LBR-9]
        : Library cell 'FILLCELL_X2' must have an output pin.
Warning : Library cell has no output pins defined. [LBR-9]
        : Library cell 'FILLCELL_X2' must have an output pin.
Warning : Library cell has no output pins defined. [LBR-9]
        : Library cell 'FILLCELL_X4' must have an output pin.
Warning : Library cell has no output pins defined. [LBR-9]
        : Library cell 'FILLCELL_X4' must have an output pin.
Warning : Library cell has no output pins defined. [LBR-9]
        : Library cell 'FILLCELL_X8' must have an output pin.
Warning : Library cell has no output pins defined. [LBR-9]
        : Library cell 'FILLCELL_X8' must have an output pin.
Warning : Library cell has no output pins defined. [LBR-9]
        : Library cell 'FILLCELL_X16' must have an output pin.
Warning : Library cell has no output pins defined. [LBR-9]
        : Library cell 'FILLCELL_X16' must have an output pin.
Warning : Library cell has no output pins defined. [LBR-9]
        : Library cell 'FILLCELL_X32' must have an output pin.
Warning : Library cell has no output pins defined. [LBR-9]
        : Library cell 'FILLCELL_X32' must have an output pin.
  Setting attribute of root '/': 'library' = NangateOpenCellLibrary_typical.lib
@file(syn.tcl) 6: read_hdl { src/biquad.v src/cascade_biquad.v }
@file(syn.tcl) 7: elaborate cascade_biquad -parameters {{PIPELINE 1}}
Warning : Non-monotonic wireload model found. [LBR-81]
        : 'Length' table in wireload model '5K_hvratio_1_1' is non-monotonic.
        : Non-monotonic wireload models can cause problems during synthesis and/or mapping.  Raising some of the points in the curve to give it a monotonic shape.
Warning : Non-monotonic wireload model found. [LBR-81]
        : 'Length' table in wireload model '5K_hvratio_1_2' is non-monotonic.
Warning : Non-monotonic wireload model found. [LBR-81]
        : 'Length' table in wireload model '5K_hvratio_1_4' is non-monotonic.
Warning : Non-monotonic wireload model found. [LBR-81]
        : 'Length' table in wireload model '3K_hvratio_1_1' is non-monotonic.
Warning : Non-monotonic wireload model found. [LBR-81]
        : 'Length' table in wireload model '3K_hvratio_1_2' is non-monotonic.
Warning : Non-monotonic wireload model found. [LBR-81]
        : 'Length' table in wireload model '3K_hvratio_1_2' is non-monotonic.
Warning : Non-monotonic wireload model found. [LBR-81]
        : 'Length' table in wireload model '3K_hvratio_1_2' is non-monotonic.
Warning : Non-monotonic wireload model found. [LBR-81]
        : 'Length' table in wireload model '3K_hvratio_1_4' is non-monotonic.
Warning : Non-monotonic wireload model found. [LBR-81]
        : 'Length' table in wireload model '1K_hvratio_1_1' is non-monotonic.
Warning : Non-monotonic wireload model found. [LBR-81]
        : 'Length' table in wireload model '1K_hvratio_1_2' is non-monotonic.
Warning : Non-monotonic wireload model found. [LBR-81]
        : 'Length' table in wireload model '1K_hvratio_1_4' is non-monotonic.
Info    : Elaborating Design. [ELAB-1]
        : Elaborating top-level block 'cascade_biquad_PIPELINE1' from file 'src/cascade_biquad.v'.
Info    : Done Elaborating Design. [ELAB-3]
        : Done elaborating 'cascade_biquad_PIPELINE1'.
Checking for analog nets...
Check completed for analog nets.
Checking for source RTL...
Check completed for source RTL.
Running Unified Mux Engine Tricks...
Completed Unified Mux Engine Tricks

Stage: post_elab
--------------------------------------------------------
| Trick             | Accepts | Rejects | Runtime (ms) | 
--------------------------------------------------------
| ume_constant_bmux |       0 |       0 |         0.00 | 
--------------------------------------------------------
Starting clip mux common data inputs [v1.0] (stage: post_elab, startdef: cascade_biquad_PIPELINE1, recur: true)
Completed clip mux common data inputs (accepts: 0, rejects: 0, runtime: 0.000s)
Starting clip the non-user hierarchies [v2.0] (stage: post_elab, startdef: cascade_biquad_PIPELINE1, recur: true)
Completed clip the non-user hierarchies (accepts: 0, rejects: 0, runtime: 0.001s)

Stage: post_elab
---------------------------------------------------------
| Transform          | Accepts | Rejects | Runtime (ms) | 
---------------------------------------------------------
| hlo_clip_mux_input |       0 |       0 |         0.00 | 
| hlo_clip           |       0 |       0 |         1.00 | 
---------------------------------------------------------
UM:   flow.cputime  flow.realtime  timing.setup.tns  timing.setup.wns  snapshot
UM:*                                                                   elaborate
@file(syn.tcl) 10: create_clock -name clk -period 2.0 [get_ports clk]
@file(syn.tcl) 11: set_input_delay  0.5 -clock clk [remove_from_collection [all_inputs] [get_ports clk]]
@file(syn.tcl) 12: set_output_delay 0.5 -clock clk [all_outputs]
@file(syn.tcl) 13: set_load 0.02 [all_outputs]
@file(syn.tcl) 16: syn_generic

Stage: pre_early_cg
------------------------------------------------
| Transform | Accepts | Rejects | Runtime (ms) | 
------------------------------------------------
------------------------------------------------
##Generic Timing Info for library domain: _default_ typical gate delay: 104.3 ps std_slew: 4.4 ps std_load: 4.1 fF
Starting mux data reorder optimization [v1.0] (stage: pre_to_gen_setup, startdef: cascade_biquad_PIPELINE1, recur: true)
Completed mux data reorder optimization (accepts: 0, rejects: 0, runtime: 0.003s)

Stage: pre_to_gen_setup
------------------------------------------------------
| Transform       | Accepts | Rejects | Runtime (ms) | 
------------------------------------------------------
| hlo_mux_reorder |       0 |       0 |         3.00 | 
------------------------------------------------------
Info    : Synthesizing. [SYNTH-1]
        : Synthesizing 'cascade_biquad_PIPELINE1' to generic gates using 'medium' effort.
PBS_Generic-Start - Elapsed_Time 0, CPU_Time 0.0
stamp 'PBS_Generic-Start' being created for table 'pbs_debug'

  Total Time (Wall) |  Stage Time (Wall)  |   % (Wall)   |    Date - Time     |  Memory   | Stage
--------------------+---------------------+--------------+--------------------+-----------+----------------------
 00:00:11(00:00:07) |  00:00:00(00:00:00) |   0.0(  0.0) |   15:59:50 (Sep29) |  469.5 MB | PBS_Generic-Start
--------------------+---------------------+--------------+--------------------+-----------+----------------------
Number of threads: 8 * 1   (id: pbs_debug, time_info v1.57)
Info: (*N*) indicates data that was populated from previously saved time_info database
Info: CPU time includes time of parent + longest thread
TNS Restructuring config: no_value at stage: generic applied.
Info    : Partition Based Synthesis execution skipped. [PHYS-752]
        : Design size is less than the partition size '100000' for distributed generic optimization to kick in.
Starting mux data reorder optimization [v1.0] (stage: pre_to_gen_setup, startdef: cascade_biquad_PIPELINE1, recur: true)
Completed mux data reorder optimization (accepts: 0, rejects: 0, runtime: 0.010s)

Stage: pre_to_gen_setup
------------------------------------------------------
| Transform       | Accepts | Rejects | Runtime (ms) | 
------------------------------------------------------
| hlo_mux_reorder |       0 |       0 |        10.00 | 
------------------------------------------------------
Starting mux data reorder optimization [v1.0] (stage: post_to_gen_setup, startdef: cascade_biquad_PIPELINE1, recur: true)
Completed mux data reorder optimization (accepts: 0, rejects: 0, runtime: 0.004s)

Stage: post_to_gen_setup
------------------------------------------------------
| Transform       | Accepts | Rejects | Runtime (ms) | 
------------------------------------------------------
| hlo_mux_reorder |       0 |       0 |         4.00 | 
------------------------------------------------------
Running Unified Mux Engine Tricks...
Completed Unified Mux Engine Tricks

Stage: pre_hlo_rtlopt
--------------------------------------------
| Trick | Accepts | Rejects | Runtime (ms) | 
--------------------------------------------
--------------------------------------------
Starting infer macro optimization [v1.0] (stage: pre_rtlopt, startdef: cascade_biquad_PIPELINE1, recur: true)
Completed infer macro optimization (accepts: 0, rejects: 16, runtime: 0.033s)
Starting decode mux sandwich optimization [v2.0] (stage: pre_rtlopt, startdef: cascade_biquad_PIPELINE1, recur: true)
Completed decode mux sandwich optimization (accepts: 0, rejects: 0, runtime: 0.001s)
Starting decode mux optimization [v1.0] (stage: pre_rtlopt, startdef: cascade_biquad_PIPELINE1, recur: true)
Completed decode mux optimization (accepts: 0, rejects: 0, runtime: 0.000s)
Starting chop wide muxes [v1.0] (stage: pre_rtlopt, startdef: cascade_biquad_PIPELINE1, recur: true)
Completed chop wide muxes (accepts: 0, rejects: 0, runtime: 0.000s)
Starting common data mux cascade opt [v1.0] (stage: pre_rtlopt, startdef: cascade_biquad_PIPELINE1, recur: true)
Completed common data mux cascade opt (accepts: 0, rejects: 0, runtime: 0.001s)
Starting mux input consolidation [v1.0] (stage: pre_rtlopt, startdef: cascade_biquad_PIPELINE1, recur: true)
Completed mux input consolidation (accepts: 0, rejects: 0, runtime: 0.000s)
Starting constant-data mux optimization [v1.0] (stage: pre_rtlopt, startdef: cascade_biquad_PIPELINE1, recur: true)
Completed constant-data mux optimization (accepts: 0, rejects: 0, runtime: 0.000s)
Starting chain-to-tree inequality transform [v2.0] (stage: pre_rtlopt, startdef: cascade_biquad_PIPELINE1, recur: true)
Completed chain-to-tree inequality transform (accepts: 0, rejects: 0, runtime: 0.034s)
Starting reconvergence optimization [v1.0] (stage: pre_rtlopt, startdef: cascade_biquad_PIPELINE1, recur: true)
Completed reconvergence optimization (accepts: 0, rejects: 0, runtime: 0.001s)
Starting logic restructure optimization [v1.0] (stage: pre_rtlopt, startdef: cascade_biquad_PIPELINE1, recur: true)
Completed logic restructure optimization (accepts: 0, rejects: 0, runtime: 0.000s)
Starting common select mux optimization [v1.0] (stage: pre_rtlopt, startdef: cascade_biquad_PIPELINE1, recur: true)
Completed common select mux optimization (accepts: 0, rejects: 0, runtime: 0.000s)
Starting identity transform [v3.0] (stage: pre_rtlopt, startdef: cascade_biquad_PIPELINE1, recur: true)
Completed identity transform (accepts: 0, rejects: 0, runtime: 0.000s)
Starting reduce operator chain [v1.0] (stage: pre_rtlopt, startdef: cascade_biquad_PIPELINE1, recur: true)
Completed reduce operator chain (accepts: 0, rejects: 0, runtime: 0.001s)
Starting common data mux cascade opt [v1.0] (stage: pre_rtlopt, startdef: cascade_biquad_PIPELINE1, recur: true)
Completed common data mux cascade opt (accepts: 0, rejects: 0, runtime: 0.000s)
Starting mux input consolidation [v1.0] (stage: pre_rtlopt, startdef: cascade_biquad_PIPELINE1, recur: true)
Completed mux input consolidation (accepts: 0, rejects: 0, runtime: 0.000s)
Starting optimize datapath elements [v1.0] (stage: pre_rtlopt, startdef: cascade_biquad_PIPELINE1, recur: true)
Completed optimize datapath elements (accepts: 0, rejects: 0, runtime: 0.001s)
Starting datapath recasting [v1.0] (stage: pre_rtlopt, startdef: cascade_biquad_PIPELINE1, recur: true)
Completed datapath recasting (accepts: 0, rejects: 0, runtime: 0.000s)
Starting clip mux common data inputs [v1.0] (stage: pre_rtlopt, startdef: cascade_biquad_PIPELINE1, recur: true)
Completed clip mux common data inputs (accepts: 0, rejects: 0, runtime: 0.000s)
Starting clip the non-user hierarchies [v2.0] (stage: pre_rtlopt, startdef: cascade_biquad_PIPELINE1, recur: true)
Completed clip the non-user hierarchies (accepts: 0, rejects: 0, runtime: 0.001s)

Stage: pre_rtlopt
----------------------------------------------------------------
| Transform                 | Accepts | Rejects | Runtime (ms) | 
----------------------------------------------------------------
| hlo_infer_macro           |       0 |      16 |        33.00 | 
| hlo_decode_mux_sandwich   |       0 |       0 |         1.00 | 
| hlo_mux_decode            |       0 |       0 |         0.00 | 
| hlo_chop_mux              |       0 |       0 |         0.00 | 
| hlo_mux_cascade_opt       |       0 |       0 |         1.00 | 
| hlo_mux_consolidation     |       0 |       0 |         0.00 | 
| hlo_constant_mux_opt      |       0 |       0 |         0.00 | 
| hlo_inequality_transform  |       0 |       0 |        34.00 | 
| hlo_reconv_opt            |       0 |       0 |         1.00 | 
| hlo_restructure           |       0 |       0 |         0.00 | 
| hlo_common_select_muxopto |       0 |       0 |         0.00 | 
| hlo_identity_transform    |       0 |       0 |         0.00 | 
| hlo_reduce_operator_chain |       0 |       0 |         1.00 | 
| hlo_mux_cascade_opt       |       0 |       0 |         0.00 | 
| hlo_mux_consolidation     |       0 |       0 |         0.00 | 
| hlo_optimize_datapath     |       0 |       0 |         1.00 | 
| hlo_datapath_recast       |       0 |       0 |         0.00 | 
| hlo_clip_mux_input        |       0 |       0 |         0.00 | 
| hlo_clip                  |       0 |       0 |         1.00 | 
----------------------------------------------------------------
Running Unified Mux Engine Tricks...
Completed Unified Mux Engine Tricks

Stage: post_hlo_rtlopt
--------------------------------------------------
| Trick       | Accepts | Rejects | Runtime (ms) | 
--------------------------------------------------
| ume_runtime |       0 |       0 |         0.00 | 
--------------------------------------------------
Number of big hc bmuxes before = 0
Info    : Pre-processed datapath logic. [DPOPT-6]
        : Pre-processing optimizations applied to datapath logic in 'cascade_biquad_PIPELINE1':
          live_trim(8) msb_trim(4) 
Info    : Optimizing datapath logic. [DPOPT-1]
        : Optimizing datapath logic in 'cascade_biquad_PIPELINE1'.
Info    : Implementing datapath configurations. [DPOPT-3]
        : Implementing datapath configurations for 'CDN_DP_region_0_0'
CSAGen Prep Share:0 Re-Write:0 Speculation: 0
MaxCSA: Successfully built Maximal CSA Expression Expr0
CDN_DP_region_0_0 level = 0 loads = 0 drivers = 0
CDN_DP_region_0_0_c0 in biquad_a032767_a10_a222070_b013709_b127419_b213709_G2: area: 8067740100 ,dp = 11 mux = 4 sg = slow         worst_clk_period: -1.0000 
    wns: 68775  norm_wns:  -1.0000 
    fail_endp: -1 
    tns:  1483980  tns_per_endp:  -1.0000   norm_tns_per_endp:  -1.0000 
    tns_sense_max:  -1.0000  tns_sense_avg:  -1.0000   tns_sense_num: -1
    power:  -9223372036854775808  
 skipped
CDN_DP_region_0_0_c1 in biquad_a032767_a10_a222070_b013709_b127419_b213709_G2: area: 6235322150 ,dp = 2 mux = 2 sg = fast         worst_clk_period: -1.0000 
    wns: 42800  norm_wns:  -1.0000 
    fail_endp: -1 
    tns:  869966  tns_per_endp:  -1.0000   norm_tns_per_endp:  -1.0000 
    tns_sense_max:  -1.0000  tns_sense_avg:  -1.0000   tns_sense_num: -1
    power:  -9223372036854775808  
 is current best
CDN_DP_region_0_0_c2 in biquad_a032767_a10_a222070_b013709_b127419_b213709_G2: area: 6235322150 ,dp = 2 mux = 2 sg = very_slow    worst_clk_period: -1.0000 
    wns: 42800  norm_wns:  -1.0000 
    fail_endp: -1 
    tns:  869966  tns_per_endp:  -1.0000   norm_tns_per_endp:  -1.0000 
    tns_sense_max:  -1.0000  tns_sense_avg:  -1.0000   tns_sense_num: -1
    power:  -9223372036854775808  
 is current best
CDN_DP_region_0_0_c3 in biquad_a032767_a10_a222070_b013709_b127419_b213709_G2: area: 6283145150 ,dp = 2 mux = 4 sg = very_fast    worst_clk_period: -1.0000 
    wns: 40928  norm_wns:  -1.0000 
    fail_endp: -1 
    tns:  823166  tns_per_endp:  -1.0000   norm_tns_per_endp:  -1.0000 
    tns_sense_max:  -1.0000  tns_sense_avg:  -1.0000   tns_sense_num: -1
    power:  -9223372036854775808  
 is current best
CDN_DP_region_0_0_c4 in biquad_a032767_a10_a222070_b013709_b127419_b213709_G2: area: 6283145150 ,dp = 2 mux = 4 sg = very_fast    worst_clk_period: -1.0000 
    wns: 40928  norm_wns:  -1.0000 
    fail_endp: -1 
    tns:  823166  tns_per_endp:  -1.0000   norm_tns_per_endp:  -1.0000 
    tns_sense_max:  -1.0000  tns_sense_avg:  -1.0000   tns_sense_num: -1
    power:  -9223372036854775808  
 is current best
CDN_DP_region_0_0_c5 in biquad_a032767_a10_a222070_b013709_b127419_b213709_G2: area: 6283145150 ,dp = 2 mux = 4 sg = very_fast    worst_clk_period: -1.0000 
    wns: 40928  norm_wns:  -1.0000 
    fail_endp: -1 
    tns:  823166  tns_per_endp:  -1.0000   norm_tns_per_endp:  -1.0000 
    tns_sense_max:  -1.0000  tns_sense_avg:  -1.0000   tns_sense_num: -1
    power:  -9223372036854775808  
 is current best
CDN_DP_region_0_0_c6 in biquad_a032767_a10_a222070_b013709_b127419_b213709_G2: area: 6283145150 ,dp = 2 mux = 4 sg = very_fast    worst_clk_period: -1.0000 
    wns: 40928  norm_wns:  -1.0000 
    fail_endp: -1 
    tns:  823166  tns_per_endp:  -1.0000   norm_tns_per_endp:  -1.0000 
    tns_sense_max:  -1.0000  tns_sense_avg:  -1.0000   tns_sense_num: -1
    power:  -9223372036854775808  
 is current best
CDN_DP_region_0_0_c7 in biquad_a032767_a10_a222070_b013709_b127419_b213709_G2: area: 6283145150 ,dp = 2 mux = 4 sg = very_fast    worst_clk_period: -1.0000 
    wns: 40928  norm_wns:  -1.0000 
    fail_endp: -1 
    tns:  823166  tns_per_endp:  -1.0000   norm_tns_per_endp:  -1.0000 
    tns_sense_max:  -1.0000  tns_sense_avg:  -1.0000   tns_sense_num: -1
    power:  -9223372036854775808  
 is current best
Best config: CDN_DP_region_0_0_c7 in biquad_a032767_a10_a222070_b013709_b127419_b213709_G2: area: 6283145150 ,dp = 2 mux = 4 sg = very_fast    worst_clk_period: -1.0000 
    wns: 40928  norm_wns:  -1.0000 
    fail_endp: -1 
    tns:  823166  tns_per_endp:  -1.0000   norm_tns_per_endp:  -1.0000 
    tns_sense_max:  -1.0000  tns_sense_avg:  -1.0000   tns_sense_num: -1
    power:  -9223372036854775808  
  Smallest config area : 6235322150.  Fastest config wns;  40928
##>+----------------------------------------------------------------------------------------------------------------------------------------------------------------+
##>Summary table of configs (Best config is CDN_DP_region_0_0_c7)
##>+----------------------------------------------------------------------------------------------------------------------------------------------------------------+
##>                     0                  1                  2                  3                  4                  5                  6                  7            
##>+----------------------------------------------------------------------------------------------------------------------------------------------------------------+
##>           Area       8067740100         6235322150         6235322150         6283145150         6283145150         6283145150         6283145150         6283145150  
##>            WNS         -6877.50           -4280.00           -4280.00           -4092.80           -4092.80           -4092.80           -4092.80           -4092.80  
##>            TNS          1483980             869966             869966             823166             823166             823166             823166             823166  
##>    Num Rewrite                0                  0                  0                  0                  0                  0                  0                  0  
##>     Num Factor                0                  0                  0                  0                  0                  0                  0                  0  
##>      Num Share                0                  0                  0                  0                  0                  0                  0                  0  
##>   Num CmultCse                0                  0                  0                  0                  0                  0                  0                  0  
##>   Num Downsize                0                  0                  0                  0                  0                  0                  0                  0  
##>  Num Speculate                0                  0                  0                  0                  0                  0                  0                  0  
##>     Runtime(s)                0                  1                  1                  1                  1                  1                  1                  8  
+----------------------------------------------------------------------------------------------------------------------------------------------------------------+
##>
##>
##>+-----------------------------------------------------------------------------------------------------------------------------------------------------------------------------------------------------+
##>Optimization Step DEBUG Table for config CDN_DP_region_0_0_c7
##>
##>                          Step                        Area   (  % Chg)         WNS (Change)          TNS (Change)                Power   (  % Chg)        Runtime (s)        Comment                   
##>+-----------------------------------------------------------------------------------------------------------------------------------------------------------------------------------------------------+
##>EquationExtraction              START             8067740100 (       )    -6877.50 (        )    1483980 (        )                    0 (       )              
##> rewrite                        START            16006358100 ( +98.40)    -6450.80 ( +426.70)    1432332 (  -51648)                    0 (  +0.00)              (a,ar) Expr0_from --> Expr0_to
##>                                  END            56760321650 (+254.61)    -9087.70 (-2636.90)    2047521 (  615189)                    0 (  +0.00)           2  
##>                                  END            48980316600 (+507.11)    -8204.60 (-1327.10)    1819473 (  335493)                    0 (  +0.00)           5  
##>createMaxCarrySave              START            14927152400 ( -69.52)    -7834.20 ( +370.40)    1724604 (  -94869)                    0 (  +0.00)              
##> datapath_rewrite_one_def       START            14927152400 (  +0.00)    -7834.20 (   +0.00)    1724604 (       0)                    0 (  +0.00)              
##>                                  END            14927152400 (  +0.00)    -7834.20 (   +0.00)    1724604 (       0)                    0 (  +0.00)           0  
##> speculate_in_gdef              START            14927152400 (  +0.00)    -7834.20 (   +0.00)    1724604 (       0)                    0 (  +0.00)              
##>  pre_speculate_mux_merge       START            14927152400 (  +0.00)    -7834.20 (   +0.00)    1724604 (       0)                    0 (  +0.00)              
##>                                  END            14927152400 (  +0.00)    -7834.20 (   +0.00)    1724604 (       0)                    0 (  +0.00)           0  
##>                                  END            14927152400 (  +0.00)    -7834.20 (   +0.00)    1724604 (       0)                    0 (  +0.00)           0  
##> csa_opto                       START            14927152400 (  +0.00)    -7834.20 (   +0.00)    1724604 (       0)                    0 (  +0.00)              
##>                                  END             6385964600 ( -57.22)    -4135.60 (+3698.60)     833200 ( -891404)                    0 (  +0.00)           0  
##>                                  END             6385964600 ( -57.22)    -4135.60 (+3698.60)     833200 ( -891404)                    0 (  +0.00)           0  
##>canonicalize_by_names           START             6385964600 (  +0.00)    -4135.60 (   +0.00)     833200 (       0)                    0 (  +0.00)              
##>                                  END             6385964600 (  +0.00)    -4135.60 (   +0.00)     833200 (       0)                    0 (  +0.00)           0  
##>datapath_rewrite_post_csa_one_  START             6385964600 (  +0.00)    -4135.60 (   +0.00)     833200 (       0)                    0 (  +0.00)              
##>                                  END             6385964600 (  +0.00)    -4135.60 (   +0.00)     833200 (       0)                    0 (  +0.00)           0  
##>datapath_csa_factoring_one_gde  START             6385964600 (  +0.00)    -4135.60 (   +0.00)     833200 (       0)                    0 (  +0.00)              
##>                                  END             6385964600 (  +0.00)    -4135.60 (   +0.00)     833200 (       0)                    0 (  +0.00)           0  
##>dpopt_share_one_def             START             6385964600 (  +0.00)    -4135.60 (   +0.00)     833200 (       0)                    0 (  +0.00)              
##>                                  END             6385964600 (  +0.00)    -4135.60 (   +0.00)     833200 (       0)                    0 (  +0.00)           0  
##>datapath_rewrite_post_share     START             6385964600 (  +0.00)    -4135.60 (   +0.00)     833200 (       0)                    0 (  +0.00)              
##>                                  END             6385964600 (  +0.00)    -4135.60 (   +0.00)     833200 (       0)                    0 (  +0.00)           0  
##>dp_combine_const_mult_with_com  START             6385964600 (  +0.00)    -4135.60 (   +0.00)     833200 (       0)                    0 (  +0.00)              
##>                                  END             6385964600 (  +0.00)    -4135.60 (   +0.00)     833200 (       0)                    0 (  +0.00)           0  
##>speculate_in_gdef               START             6385964600 (  +0.00)    -4135.60 (   +0.00)     833200 (       0)                    0 (  +0.00)              
##> pre_speculate_mux_merge        START             6385964600 (  +0.00)    -4135.60 (   +0.00)     833200 (       0)                    0 (  +0.00)              
##>                                  END             6385964600 (  +0.00)    -4135.60 (   +0.00)     833200 (       0)                    0 (  +0.00)           0  
##>                                  END             6385964600 (  +0.00)    -4135.60 (   +0.00)     833200 (       0)                    0 (  +0.00)           0  
##>dp_operator_level_decompositio  START             6385964600 (  +0.00)    -4135.60 (   +0.00)     833200 (       0)                    0 (  +0.00)              
##>                                  END             6385964600 (  +0.00)    -4135.60 (   +0.00)     833200 (       0)                    0 (  +0.00)           0  
##>selective_flatten_dp_config     START             6385964600 (  +0.00)    -4135.60 (   +0.00)     833200 (       0)                    0 (  +0.00)              
##>                                  END             6342923900 (  -0.67)    -4111.00 (  +24.60)     828418 (   -4782)                    0 (  +0.00)           0  
##>createMaxCarrySave              START             6342923900 (  +0.00)    -4111.00 (   +0.00)     828418 (       0)                    0 (  +0.00)              
##> datapath_rewrite_one_def       START             6342923900 (  +0.00)    -4111.00 (   +0.00)     828418 (       0)                    0 (  +0.00)              
##>  fast_cse_elim                 START             6342923900 (  +0.00)    -4111.00 (   +0.00)     828418 (       0)                    0 (  +0.00)              
##>                                  END             6342923900 (  +0.00)    -4111.00 (   +0.00)     828418 (       0)                    0 (  +0.00)           0  
##>  fast_cse_elim                 START             6342923900 (  +0.00)    -4111.00 (   +0.00)     828418 (       0)                    0 (  +0.00)              
##>                                  END             6342923900 (  +0.00)    -4111.00 (   +0.00)     828418 (       0)                    0 (  +0.00)           0  
##>                                  END             6342923900 (  +0.00)    -4111.00 (   +0.00)     828418 (       0)                    0 (  +0.00)           0  
##> speculate_in_gdef              START             6342923900 (  +0.00)    -4111.00 (   +0.00)     828418 (       0)                    0 (  +0.00)              
##>  pre_speculate_mux_merge       START             6342923900 (  +0.00)    -4111.00 (   +0.00)     828418 (       0)                    0 (  +0.00)              
##>                                  END             6342923900 (  +0.00)    -4111.00 (   +0.00)     828418 (       0)                    0 (  +0.00)           0  
##>                                  END             6342923900 (  +0.00)    -4111.00 (   +0.00)     828418 (       0)                    0 (  +0.00)           0  
##> csa_opto                       START             6342923900 (  +0.00)    -4111.00 (   +0.00)     828418 (       0)                    0 (  +0.00)              
##>                                  END             6342923900 (  +0.00)    -4111.00 (   +0.00)     828418 (       0)                    0 (  +0.00)           0  
##>                                  END             6342923900 (  +0.00)    -4111.00 (   +0.00)     828418 (       0)                    0 (  +0.00)           0  
##>context_based_simplify          START             6283145150 (  -0.94)    -3989.40 ( +121.60)     797298 (  -31120)                    0 (  +0.00)              
##>                                  END             6283145150 (  +0.00)    -3989.40 (   +0.00)     797298 (       0)                    0 (  +0.00)           0  
##>group_csa_final_adder_dp        START             6283145150 (  +0.00)    -3989.40 (   +0.00)     797298 (       0)                    0 (  +0.00)              
##>                                  END             6471248950 (  +2.99)    -4116.70 ( -127.30)     831292 (   33994)                    0 (  +0.00)           0  
##>dpopt_flatten_critical_muxes_i  START             6471248950 (  +0.00)    -4116.70 (   +0.00)     831292 (       0)                    0 (  +0.00)              
##>                                  END             6471248950 (  +0.00)    -4116.70 (   +0.00)     831292 (       0)                    0 (  +0.00)           0  
##>speculate_in_gdef               START             6471248950 (  +0.00)    -4116.70 (   +0.00)     831292 (       0)                    0 (  +0.00)              
##> pre_speculate_mux_merge        START             6471248950 (  +0.00)    -4116.70 (   +0.00)     831292 (       0)                    0 (  +0.00)              
##>                                  END             6471248950 (  +0.00)    -4116.70 (   +0.00)     831292 (       0)                    0 (  +0.00)           0  
##>                                  END             6471248950 (  +0.00)    -4116.70 (   +0.00)     831292 (       0)                    0 (  +0.00)           0  
##>create_score                    START             6283145150 (  -2.91)    -4092.80 (  +23.90)     823166 (   -8126)                    0 (  +0.00)              
##>                                  END             6283145150 (  +0.00)    -4092.80 (   +0.00)     823166 (       0)                    0 (  +0.00)           0  
##>+-----------------------------------------------------------------------------------------------------------------------------------------------------------------------------------------------------+
Committed config: CDN_DP_region_0_0_c7
Info    : Done implementing datapath configurations. [DPOPT-4]
        : Selected 'very_fast' configuration 7 for module 'CDN_DP_region_0_0_c7'.
          Optimizations applied to 'very_fast' configuration:
            rewriting(0), factoring(0), sharing(0), cmultcse(0), downsizing(0), speculation(0)
Info    : Implementing datapath configurations. [DPOPT-3]
        : Implementing datapath configurations for 'CDN_DP_region_2_0'
CSAGen Prep Share:0 Re-Write:0 Speculation: 0
MaxCSA: Successfully built Maximal CSA Expression Expr1
CDN_DP_region_2_0 level = 0 loads = 0 drivers = 0
CDN_DP_region_2_0_c0 in biquad_a032767_a10_a2318_b08271_b116543_b28271_G0: area: 4693827450 ,dp = 11 mux = 4 sg = slow         worst_clk_period: -1.0000 
    wns: 59207  norm_wns:  -1.0000 
    fail_endp: -1 
    tns:  1188944  tns_per_endp:  -1.0000   norm_tns_per_endp:  -1.0000 
    tns_sense_max:  -1.0000  tns_sense_avg:  -1.0000   tns_sense_num: -1
    power:  -9223372036854775808  
 skipped
CDN_DP_region_2_0_c1 in biquad_a032767_a10_a2318_b08271_b116543_b28271_G0: area: 3089365800 ,dp = 2 mux = 2 sg = fast         worst_clk_period: -1.0000 
    wns: 30705  norm_wns:  -1.0000 
    fail_endp: -1 
    tns:  550816  tns_per_endp:  -1.0000   norm_tns_per_endp:  -1.0000 
    tns_sense_max:  -1.0000  tns_sense_avg:  -1.0000   tns_sense_num: -1
    power:  -9223372036854775808  
 is current best
CDN_DP_region_2_0_c2 in biquad_a032767_a10_a2318_b08271_b116543_b28271_G0: area: 3089365800 ,dp = 2 mux = 2 sg = very_slow    worst_clk_period: -1.0000 
    wns: 30705  norm_wns:  -1.0000 
    fail_endp: -1 
    tns:  550816  tns_per_endp:  -1.0000   norm_tns_per_endp:  -1.0000 
    tns_sense_max:  -1.0000  tns_sense_avg:  -1.0000   tns_sense_num: -1
    power:  -9223372036854775808  
 is current best
CDN_DP_region_2_0_c3 in biquad_a032767_a10_a2318_b08271_b116543_b28271_G0: area: 4814182000 ,dp = 5 mux = 6 sg = very_fast    worst_clk_period: -1.0000 
    wns: 21981  norm_wns:  -1.0000 
    fail_endp: -1 
    tns:  401040  tns_per_endp:  -1.0000   norm_tns_per_endp:  -1.0000 
    tns_sense_max:  -1.0000  tns_sense_avg:  -1.0000   tns_sense_num: -1
    power:  -9223372036854775808  
 is current best
CDN_DP_region_2_0_c4 in biquad_a032767_a10_a2318_b08271_b116543_b28271_G0: area: 4814182000 ,dp = 5 mux = 6 sg = very_fast    worst_clk_period: -1.0000 
    wns: 21981  norm_wns:  -1.0000 
    fail_endp: -1 
    tns:  401040  tns_per_endp:  -1.0000   norm_tns_per_endp:  -1.0000 
    tns_sense_max:  -1.0000  tns_sense_avg:  -1.0000   tns_sense_num: -1
    power:  -9223372036854775808  
 is current best
CDN_DP_region_2_0_c5 in biquad_a032767_a10_a2318_b08271_b116543_b28271_G0: area: 3668024100 ,dp = 3 mux = 6 sg = very_fast    worst_clk_period: -1.0000 
    wns: 34780  norm_wns:  -1.0000 
    fail_endp: -1 
    tns:  605824  tns_per_endp:  -1.0000   norm_tns_per_endp:  -1.0000 
    tns_sense_max:  -1.0000  tns_sense_avg:  -1.0000   tns_sense_num: -1
    power:  -9223372036854775808  

CDN_DP_region_2_0_c6 in biquad_a032767_a10_a2318_b08271_b116543_b28271_G0: area: 3134000600 ,dp = 2 mux = 4 sg = very_fast    worst_clk_period: -1.0000 
    wns: 28833  norm_wns:  -1.0000 
    fail_endp: -1 
    tns:  505888  tns_per_endp:  -1.0000   norm_tns_per_endp:  -1.0000 
    tns_sense_max:  -1.0000  tns_sense_avg:  -1.0000   tns_sense_num: -1
    power:  -9223372036854775808  

CDN_DP_region_2_0_c7 in biquad_a032767_a10_a2318_b08271_b116543_b28271_G0: area: 4814182000 ,dp = 5 mux = 6 sg = very_fast    worst_clk_period: -1.0000 
    wns: 21981  norm_wns:  -1.0000 
    fail_endp: -1 
    tns:  401040  tns_per_endp:  -1.0000   norm_tns_per_endp:  -1.0000 
    tns_sense_max:  -1.0000  tns_sense_avg:  -1.0000   tns_sense_num: -1
    power:  -9223372036854775808  
 is current best
Best config: CDN_DP_region_2_0_c7 in biquad_a032767_a10_a2318_b08271_b116543_b28271_G0: area: 4814182000 ,dp = 5 mux = 6 sg = very_fast    worst_clk_period: -1.0000 
    wns: 21981  norm_wns:  -1.0000 
    fail_endp: -1 
    tns:  401040  tns_per_endp:  -1.0000   norm_tns_per_endp:  -1.0000 
    tns_sense_max:  -1.0000  tns_sense_avg:  -1.0000   tns_sense_num: -1
    power:  -9223372036854775808  
  Smallest config area : 3089365800.  Fastest config wns;  21981
##>+----------------------------------------------------------------------------------------------------------------------------------------------------------------+
##>Summary table of configs (Best config is CDN_DP_region_2_0_c7)
##>+----------------------------------------------------------------------------------------------------------------------------------------------------------------+
##>                     0                  1                  2                  3                  4                  5                  6                  7            
##>+----------------------------------------------------------------------------------------------------------------------------------------------------------------+
##>           Area       4693827450         3089365800         3089365800         4814182000         4814182000         3668024100         3134000600         4814182000  
##>            WNS         -5920.70           -3070.50           -3070.50           -2198.10           -2198.10           -3478.00           -2883.30           -2198.10  
##>            TNS          1188944             550816             550816             401040             401040             605824             505888             401040  
##>    Num Rewrite                0                  0                  0                  0                  0                  0                  0                  0  
##>     Num Factor                0                  0                  0                  1                  1                  0                  0                  1  
##>      Num Share                0                  0                  0                  0                  0                  0                  0                  0  
##>   Num CmultCse                0                  0                  0                  0                  0                  0                  0                  0  
##>   Num Downsize                0                  0                  0                  0                  0                  0                  0                  0  
##>  Num Speculate                0                  0                  0                  2                  2                  2                  0                  2  
##>     Runtime(s)                0                  1                  0                  2                  2                  2                  0                  7  
+----------------------------------------------------------------------------------------------------------------------------------------------------------------+
##>
##>
##>+-----------------------------------------------------------------------------------------------------------------------------------------------------------------------------------------------------+
##>Optimization Step DEBUG Table for config CDN_DP_region_2_0_c7
##>
##>                          Step                        Area   (  % Chg)         WNS (Change)          TNS (Change)                Power   (  % Chg)        Runtime (s)        Comment                   
##>+-----------------------------------------------------------------------------------------------------------------------------------------------------------------------------------------------------+
##>EquationExtraction              START             4693827450 (       )    -5920.70 (        )    1188944 (        )                    0 (       )              
##> rewrite                        START             8489379550 ( +80.86)    -4862.10 (+1058.60)     998906 ( -190038)                    0 (  +0.00)              (a,ar) Expr1_from --> Expr1_to
##>                                  END            45632706600 (+437.53)    -8713.90 (-3851.80)    1886093 (  887187)                    0 (  +0.00)           2  
##>                                  END            41212267300 (+778.01)    -7884.70 (-1964.00)    1681043 (  492099)                    0 (  +0.00)           4  
##>createMaxCarrySave              START            12478614800 ( -69.72)    -7576.10 ( +308.60)    1592000 (  -89043)                    0 (  +0.00)              
##> datapath_rewrite_one_def       START            12478614800 (  +0.00)    -7576.10 (   +0.00)    1592000 (       0)                    0 (  +0.00)              
##>                                  END            12478614800 (  +0.00)    -7576.10 (   +0.00)    1592000 (       0)                    0 (  +0.00)           0  
##> speculate_in_gdef              START            12478614800 (  +0.00)    -7576.10 (   +0.00)    1592000 (       0)                    0 (  +0.00)              
##>  pre_speculate_mux_merge       START            12478614800 (  +0.00)    -7576.10 (   +0.00)    1592000 (       0)                    0 (  +0.00)              
##>                                  END            12478614800 (  +0.00)    -7576.10 (   +0.00)    1592000 (       0)                    0 (  +0.00)           0  
##>                                  END            12478614800 (  +0.00)    -7576.10 (   +0.00)    1592000 (       0)                    0 (  +0.00)           0  
##> csa_opto                       START            12478614800 (  +0.00)    -7576.10 (   +0.00)    1592000 (       0)                    0 (  +0.00)              
##>                                  END             3255949250 ( -73.91)    -2813.00 (+4763.10)     489280 (-1102720)                    0 (  +0.00)           0  
##>                                  END             3255949250 ( -73.91)    -2813.00 (+4763.10)     489280 (-1102720)                    0 (  +0.00)           0  
##>canonicalize_by_names           START             3255949250 (  +0.00)    -2813.00 (   +0.00)     489280 (       0)                    0 (  +0.00)              
##>                                  END             3255949250 (  +0.00)    -2813.00 (   +0.00)     489280 (       0)                    0 (  +0.00)           0  
##>datapath_rewrite_post_csa_one_  START             3255949250 (  +0.00)    -2813.00 (   +0.00)     489280 (       0)                    0 (  +0.00)              
##>                                  END             3255949250 (  +0.00)    -2813.00 (   +0.00)     489280 (       0)                    0 (  +0.00)           0  
##>datapath_csa_factoring_one_gde  START             3255949250 (  +0.00)    -2813.00 (   +0.00)     489280 (       0)                    0 (  +0.00)              
##>                                  END             3255949250 (  +0.00)    -2813.00 (   +0.00)     489280 (       0)                    0 (  +0.00)           0  
##>dpopt_share_one_def             START             3255949250 (  +0.00)    -2813.00 (   +0.00)     489280 (       0)                    0 (  +0.00)              
##>                                  END             3255949250 (  +0.00)    -2813.00 (   +0.00)     489280 (       0)                    0 (  +0.00)           0  
##>datapath_rewrite_post_share     START             3255949250 (  +0.00)    -2813.00 (   +0.00)     489280 (       0)                    0 (  +0.00)              
##>                                  END             3255949250 (  +0.00)    -2813.00 (   +0.00)     489280 (       0)                    0 (  +0.00)           0  
##>dp_combine_const_mult_with_com  START             3255949250 (  +0.00)    -2813.00 (   +0.00)     489280 (       0)                    0 (  +0.00)              
##>                                  END             3255949250 (  +0.00)    -2813.00 (   +0.00)     489280 (       0)                    0 (  +0.00)           0  
##>speculate_in_gdef               START             3255949250 (  +0.00)    -2813.00 (   +0.00)     489280 (       0)                    0 (  +0.00)              
##> pre_speculate_mux_merge        START             3255949250 (  +0.00)    -2813.00 (   +0.00)     489280 (       0)                    0 (  +0.00)              
##>                                  END             3255949250 (  +0.00)    -2813.00 (   +0.00)     489280 (       0)                    0 (  +0.00)           0  
##> createMaxCarrySave             START             5485298100 ( +68.47)    -2521.90 ( +291.10)     447648 (  -41632)                    0 (  +0.00)              
##>  datapath_rewrite_one_def      START             5485298100 (  +0.00)    -2521.90 (   +0.00)     447648 (       0)                    0 (  +0.00)              
##>   fast_cse_elim                START             5485298100 (  +0.00)    -2521.90 (   +0.00)     447648 (       0)                    0 (  +0.00)              
##>                                  END             5485298100 (  +0.00)    -2521.90 (   +0.00)     447648 (       0)                    0 (  +0.00)           0  
##>   fast_cse_elim                START             5485298100 (  +0.00)    -2521.90 (   +0.00)     447648 (       0)                    0 (  +0.00)              
##>                                  END             5485298100 (  +0.00)    -2521.90 (   +0.00)     447648 (       0)                    0 (  +0.00)           0  
##>                                  END             5485298100 (  +0.00)    -2521.90 (   +0.00)     447648 (       0)                    0 (  +0.00)           0  
##>  csa_opto                      START             5485298100 (  +0.00)    -2521.90 (   +0.00)     447648 (       0)                    0 (  +0.00)              
##>                                  END             5485298100 (  +0.00)    -2521.90 (   +0.00)     447648 (       0)                    0 (  +0.00)           0  
##>                                  END             5485298100 (  +0.00)    -2521.90 (   +0.00)     447648 (       0)                    0 (  +0.00)           0  
##>                                  END             5485298100 ( +68.47)    -2521.90 ( +291.10)     447648 (  -41632)                    0 (  +0.00)           0  
##>dp_operator_level_decompositio  START             5485298100 (  +0.00)    -2521.90 (   +0.00)     447648 (       0)                    0 (  +0.00)              
##>                                  END             5485298100 (  +0.00)    -2521.90 (   +0.00)     447648 (       0)                    0 (  +0.00)           0  
##>selective_flatten_dp_config     START             5485298100 (  +0.00)    -2521.90 (   +0.00)     447648 (       0)                    0 (  +0.00)              
##>                                  END             5438272150 (  -0.86)    -2523.50 (   -1.60)     446960 (    -688)                    0 (  +0.00)           0  
##>createMaxCarrySave              START             5438272150 (  +0.00)    -2523.50 (   +0.00)     446960 (       0)                    0 (  +0.00)              
##> datapath_rewrite_one_def       START             5438272150 (  +0.00)    -2523.50 (   +0.00)     446960 (       0)                    0 (  +0.00)              
##>  fast_cse_elim                 START             5438272150 (  +0.00)    -2523.50 (   +0.00)     446960 (       0)                    0 (  +0.00)              
##>                                  END             5438272150 (  +0.00)    -2523.50 (   +0.00)     446960 (       0)                    0 (  +0.00)           0  
##>  fast_cse_elim                 START             5438272150 (  +0.00)    -2523.50 (   +0.00)     446960 (       0)                    0 (  +0.00)              
##>                                  END             5438272150 (  +0.00)    -2523.50 (   +0.00)     446960 (       0)                    0 (  +0.00)           0  
##>                                  END             5438272150 (  +0.00)    -2523.50 (   +0.00)     446960 (       0)                    0 (  +0.00)           0  
##> speculate_in_gdef              START             5438272150 (  +0.00)    -2523.50 (   +0.00)     446960 (       0)                    0 (  +0.00)              
##>  pre_speculate_mux_merge       START             5438272150 (  +0.00)    -2523.50 (   +0.00)     446960 (       0)                    0 (  +0.00)              
##>                                  END             5438272150 (  +0.00)    -2523.50 (   +0.00)     446960 (       0)                    0 (  +0.00)           0  
##>                                  END             7667621000 ( +40.99)    -2376.10 ( +147.40)     426016 (  -20944)                    0 (  +0.00)           0  
##> csa_opto                       START             7667621000 (  +0.00)    -2376.10 (   +0.00)     426016 (       0)                    0 (  +0.00)              
##>                                  END             7667621000 (  +0.00)    -2376.10 (   +0.00)     426016 (       0)                    0 (  +0.00)           0  
##>                                  END             7667621000 ( +40.99)    -2376.10 ( +147.40)     426016 (  -20944)                    0 (  +0.00)           0  
##>datapath_rewrite_post_csa_one_  START             7667621000 (  +0.00)    -2376.10 (   +0.00)     426016 (       0)                    0 (  +0.00)              
##>                                  END             7667621000 (  +0.00)    -2376.10 (   +0.00)     426016 (       0)                    0 (  +0.00)           0  
##>datapath_csa_factoring_one_gde  START             7667621000 (  +0.00)    -2376.10 (   +0.00)     426016 (       0)                    0 (  +0.00)              
##>                                  END             4963230350 ( -35.27)    -2096.20 ( +279.90)     378736 (  -47280)                    0 (  +0.00)           0  
##>dpopt_share_one_def             START             4963230350 (  +0.00)    -2096.20 (   +0.00)     378736 (       0)                    0 (  +0.00)              
##>                                  END             4963230350 (  +0.00)    -2096.20 (   +0.00)     378736 (       0)                    0 (  +0.00)           0  
##>datapath_rewrite_post_share     START             4963230350 (  +0.00)    -2096.20 (   +0.00)     378736 (       0)                    0 (  +0.00)              
##>                                  END             4963230350 (  +0.00)    -2096.20 (   +0.00)     378736 (       0)                    0 (  +0.00)           0  
##>dp_combine_const_mult_with_com  START             4963230350 (  +0.00)    -2096.20 (   +0.00)     378736 (       0)                    0 (  +0.00)              
##>                                  END             4963230350 (  +0.00)    -2096.20 (   +0.00)     378736 (       0)                    0 (  +0.00)           0  
##>speculate_in_gdef               START             4963230350 (  +0.00)    -2096.20 (   +0.00)     378736 (       0)                    0 (  +0.00)              
##> pre_speculate_mux_merge        START             4963230350 (  +0.00)    -2096.20 (   +0.00)     378736 (       0)                    0 (  +0.00)              
##>                                  END             4963230350 (  +0.00)    -2096.20 (   +0.00)     378736 (       0)                    0 (  +0.00)           0  
##>                                  END             4963230350 (  +0.00)    -2096.20 (   +0.00)     378736 (       0)                    0 (  +0.00)           0  
##>dp_operator_level_decompositio  START             4963230350 (  +0.00)    -2096.20 (   +0.00)     378736 (       0)                    0 (  +0.00)              
##>                                  END             4963230350 (  +0.00)    -2096.20 (   +0.00)     378736 (       0)                    0 (  +0.00)           0  
##>selective_flatten_dp_config     START             4963230350 (  +0.00)    -2096.20 (   +0.00)     378736 (       0)                    0 (  +0.00)              
##>                                  END             4963230350 (  +0.00)    -2096.20 (   +0.00)     378736 (       0)                    0 (  +0.00)           0  
##>createMaxCarrySave              START             4963230350 (  +0.00)    -2096.20 (   +0.00)     378736 (       0)                    0 (  +0.00)              
##> datapath_rewrite_one_def       START             4963230350 (  +0.00)    -2096.20 (   +0.00)     378736 (       0)                    0 (  +0.00)              
##>  fast_cse_elim                 START             4963230350 (  +0.00)    -2096.20 (   +0.00)     378736 (       0)                    0 (  +0.00)              
##>                                  END             4963230350 (  +0.00)    -2096.20 (   +0.00)     378736 (       0)                    0 (  +0.00)           0  
##>  fast_cse_elim                 START             4963230350 (  +0.00)    -2096.20 (   +0.00)     378736 (       0)                    0 (  +0.00)              
##>                                  END             4963230350 (  +0.00)    -2096.20 (   +0.00)     378736 (       0)                    0 (  +0.00)           0  
##>                                  END             4963230350 (  +0.00)    -2096.20 (   +0.00)     378736 (       0)                    0 (  +0.00)           0  
##> speculate_in_gdef              START             4963230350 (  +0.00)    -2096.20 (   +0.00)     378736 (       0)                    0 (  +0.00)              
##>  pre_speculate_mux_merge       START             4963230350 (  +0.00)    -2096.20 (   +0.00)     378736 (       0)                    0 (  +0.00)              
##>                                  END             4963230350 (  +0.00)    -2096.20 (   +0.00)     378736 (       0)                    0 (  +0.00)           0  
##>                                  END             4963230350 (  +0.00)    -2096.20 (   +0.00)     378736 (       0)                    0 (  +0.00)           0  
##> csa_opto                       START             4963230350 (  +0.00)    -2096.20 (   +0.00)     378736 (       0)                    0 (  +0.00)              
##>                                  END             4963230350 (  +0.00)    -2096.20 (   +0.00)     378736 (       0)                    0 (  +0.00)           0  
##>                                  END             4963230350 (  +0.00)    -2096.20 (   +0.00)     378736 (       0)                    0 (  +0.00)           0  
##>datapath_rewrite_post_csa_one_  START             4963230350 (  +0.00)    -2096.20 (   +0.00)     378736 (       0)                    0 (  +0.00)              
##> rewrite                        START             4963230350 (  +0.00)    -2096.20 (   +0.00)     378736 (       0)                    0 (  +0.00)              (na,csaa) combined_csa2_signed_csa_signed_from --> combined_csa2_signed_csa_signed_to
##>                                  END             5682169450 ( +14.49)    -2239.50 ( -143.30)     402944 (   24208)                    0 (  +0.00)           0  
##> rewrite                        START             4963230350 ( -12.65)    -2096.20 ( +143.30)     378736 (  -24208)                    0 (  +0.00)              (na,csaa) combined_csa2_signed_csa_signed_from --> combined_csa2_signed_csa_signed_to
##>                                  END             5745933450 ( +15.77)    -2104.20 (   -8.00)     381296 (    2560)                    0 (  +0.00)           0  
##> rewrite                        START             4963230350 ( -13.62)    -2096.20 (   +8.00)     378736 (   -2560)                    0 (  +0.00)              (na,csaa) combined_csa2_signed_csa_signed_from --> combined_csa2_signed_csa_signed_to
##>                                  END             5754701000 ( +15.95)    -2104.20 (   -8.00)     381296 (    2560)                    0 (  +0.00)           0  
##>                                  END             4963230350 (  +0.00)    -2096.20 (   +0.00)     378736 (       0)                    0 (  +0.00)           0  
##>datapath_csa_factoring_one_gde  START             4963230350 (  +0.00)    -2096.20 (   +0.00)     378736 (       0)                    0 (  +0.00)              
##>                                  END             4963230350 (  +0.00)    -2096.20 (   +0.00)     378736 (       0)                    0 (  +0.00)           0  
##>dpopt_share_one_def             START             4963230350 (  +0.00)    -2096.20 (   +0.00)     378736 (       0)                    0 (  +0.00)              
##>                                  END             4963230350 (  +0.00)    -2096.20 (   +0.00)     378736 (       0)                    0 (  +0.00)           0  
##>datapath_rewrite_post_share     START             4963230350 (  +0.00)    -2096.20 (   +0.00)     378736 (       0)                    0 (  +0.00)              
##>                                  END             4963230350 (  +0.00)    -2096.20 (   +0.00)     378736 (       0)                    0 (  +0.00)           0  
##>dp_combine_const_mult_with_com  START             4963230350 (  +0.00)    -2096.20 (   +0.00)     378736 (       0)                    0 (  +0.00)              
##>                                  END             4963230350 (  +0.00)    -2096.20 (   +0.00)     378736 (       0)                    0 (  +0.00)           0  
##>speculate_in_gdef               START             4963230350 (  +0.00)    -2096.20 (   +0.00)     378736 (       0)                    0 (  +0.00)              
##> pre_speculate_mux_merge        START             4963230350 (  +0.00)    -2096.20 (   +0.00)     378736 (       0)                    0 (  +0.00)              
##>                                  END             4963230350 (  +0.00)    -2096.20 (   +0.00)     378736 (       0)                    0 (  +0.00)           0  
##>                                  END             4963230350 (  +0.00)    -2096.20 (   +0.00)     378736 (       0)                    0 (  +0.00)           0  
##>dp_operator_level_decompositio  START             4963230350 (  +0.00)    -2096.20 (   +0.00)     378736 (       0)                    0 (  +0.00)              
##>                                  END             4963230350 (  +0.00)    -2096.20 (   +0.00)     378736 (       0)                    0 (  +0.00)           0  
##>selective_flatten_dp_config     START             4963230350 (  +0.00)    -2096.20 (   +0.00)     378736 (       0)                    0 (  +0.00)              
##>                                  END             4963230350 (  +0.00)    -2096.20 (   +0.00)     378736 (       0)                    0 (  +0.00)           0  
##>createMaxCarrySave              START             4963230350 (  +0.00)    -2096.20 (   +0.00)     378736 (       0)                    0 (  +0.00)              
##> datapath_rewrite_one_def       START             4963230350 (  +0.00)    -2096.20 (   +0.00)     378736 (       0)                    0 (  +0.00)              
##>  fast_cse_elim                 START             4963230350 (  +0.00)    -2096.20 (   +0.00)     378736 (       0)                    0 (  +0.00)              
##>                                  END             4963230350 (  +0.00)    -2096.20 (   +0.00)     378736 (       0)                    0 (  +0.00)           0  
##>  fast_cse_elim                 START             4963230350 (  +0.00)    -2096.20 (   +0.00)     378736 (       0)                    0 (  +0.00)              
##>                                  END             4963230350 (  +0.00)    -2096.20 (   +0.00)     378736 (       0)                    0 (  +0.00)           0  
##>                                  END             4963230350 (  +0.00)    -2096.20 (   +0.00)     378736 (       0)                    0 (  +0.00)           0  
##> speculate_in_gdef              START             4963230350 (  +0.00)    -2096.20 (   +0.00)     378736 (       0)                    0 (  +0.00)              
##>  pre_speculate_mux_merge       START             4963230350 (  +0.00)    -2096.20 (   +0.00)     378736 (       0)                    0 (  +0.00)              
##>                                  END             4963230350 (  +0.00)    -2096.20 (   +0.00)     378736 (       0)                    0 (  +0.00)           0  
##>                                  END             4963230350 (  +0.00)    -2096.20 (   +0.00)     378736 (       0)                    0 (  +0.00)           0  
##> csa_opto                       START             4963230350 (  +0.00)    -2096.20 (   +0.00)     378736 (       0)                    0 (  +0.00)              
##>                                  END             4963230350 (  +0.00)    -2096.20 (   +0.00)     378736 (       0)                    0 (  +0.00)           0  
##>                                  END             4963230350 (  +0.00)    -2096.20 (   +0.00)     378736 (       0)                    0 (  +0.00)           0  
##>context_based_simplify          START             4896278150 (  -1.35)    -2096.20 (   +0.00)     376464 (   -2272)                    0 (  +0.00)              
##>                                  END             4896278150 (  +0.00)    -2096.20 (   +0.00)     376464 (       0)                    0 (  +0.00)           0  
##>group_csa_final_adder_dp        START             4896278150 (  +0.00)    -2096.20 (   +0.00)     376464 (       0)                    0 (  +0.00)              
##>                                  END             6430599400 ( +31.34)    -2227.10 ( -130.90)     410048 (   33584)                    0 (  +0.00)           0  
##>dpopt_flatten_critical_muxes_i  START             6430599400 (  +0.00)    -2227.10 (   +0.00)     410048 (       0)                    0 (  +0.00)              
##>                                  END             6430599400 (  +0.00)    -2227.10 (   +0.00)     410048 (       0)                    0 (  +0.00)           0  
##>speculate_in_gdef               START             6430599400 (  +0.00)    -2227.10 (   +0.00)     410048 (       0)                    0 (  +0.00)              
##> pre_speculate_mux_merge        START             6430599400 (  +0.00)    -2227.10 (   +0.00)     410048 (       0)                    0 (  +0.00)              
##>                                  END             6430599400 (  +0.00)    -2227.10 (   +0.00)     410048 (       0)                    0 (  +0.00)           0  
##>                                  END             6430599400 (  +0.00)    -2227.10 (   +0.00)     410048 (       0)                    0 (  +0.00)           0  
##>create_score                    START             4814182000 ( -25.14)    -2198.10 (  +29.00)     401040 (   -9008)                    0 (  +0.00)              
##>                                  END             4814182000 (  +0.00)    -2198.10 (   +0.00)     401040 (       0)                    0 (  +0.00)           0  
##>+-----------------------------------------------------------------------------------------------------------------------------------------------------------------------------------------------------+
Committed config: CDN_DP_region_2_0_c7
Info    : Done implementing datapath configurations. [DPOPT-4]
        : Selected 'very_fast' configuration 7 for module 'CDN_DP_region_2_0_c7'.
          Optimizations applied to 'very_fast' configuration:
            rewriting(0), factoring(1), sharing(0), cmultcse(0), downsizing(0), speculation(2)
Info    : Implementing datapath configurations. [DPOPT-3]
        : Implementing datapath configurations for 'CDN_DP_region_1_0'
CSAGen Prep Share:0 Re-Write:0 Speculation: 0
MaxCSA: Successfully built Maximal CSA Expression Expr2
CDN_DP_region_1_0 level = 0 loads = 0 drivers = 0
CDN_DP_region_1_0_c0 in biquad_a032767_a10_a23015_b08946_b117892_b28946_G0: area: 5418345900 ,dp = 11 mux = 4 sg = slow         worst_clk_period: -1.0000 
    wns: 63043  norm_wns:  -1.0000 
    fail_endp: -1 
    tns:  1302000  tns_per_endp:  -1.0000   norm_tns_per_endp:  -1.0000 
    tns_sense_max:  -1.0000  tns_sense_avg:  -1.0000   tns_sense_num: -1
    power:  -9223372036854775808  
 skipped
CDN_DP_region_1_0_c1 in biquad_a032767_a10_a23015_b08946_b117892_b28946_G0: area: 3869677750 ,dp = 2 mux = 2 sg = fast         worst_clk_period: -1.0000 
    wns: 33799  norm_wns:  -1.0000 
    fail_endp: -1 
    tns:  632656  tns_per_endp:  -1.0000   norm_tns_per_endp:  -1.0000 
    tns_sense_max:  -1.0000  tns_sense_avg:  -1.0000   tns_sense_num: -1
    power:  -9223372036854775808  
 is current best
CDN_DP_region_1_0_c2 in biquad_a032767_a10_a23015_b08946_b117892_b28946_G0: area: 3869677750 ,dp = 2 mux = 2 sg = very_slow    worst_clk_period: -1.0000 
    wns: 33799  norm_wns:  -1.0000 
    fail_endp: -1 
    tns:  632656  tns_per_endp:  -1.0000   norm_tns_per_endp:  -1.0000 
    tns_sense_max:  -1.0000  tns_sense_avg:  -1.0000   tns_sense_num: -1
    power:  -9223372036854775808  
 is current best
CDN_DP_region_1_0_c3 in biquad_a032767_a10_a23015_b08946_b117892_b28946_G0: area: 5556235550 ,dp = 5 mux = 6 sg = very_fast    worst_clk_period: -1.0000 
    wns: 23953  norm_wns:  -1.0000 
    fail_endp: -1 
    tns:  464928  tns_per_endp:  -1.0000   norm_tns_per_endp:  -1.0000 
    tns_sense_max:  -1.0000  tns_sense_avg:  -1.0000   tns_sense_num: -1
    power:  -9223372036854775808  
 is current best
CDN_DP_region_1_0_c4 in biquad_a032767_a10_a23015_b08946_b117892_b28946_G0: area: 5556235550 ,dp = 5 mux = 6 sg = very_fast    worst_clk_period: -1.0000 
    wns: 23953  norm_wns:  -1.0000 
    fail_endp: -1 
    tns:  464928  tns_per_endp:  -1.0000   norm_tns_per_endp:  -1.0000 
    tns_sense_max:  -1.0000  tns_sense_avg:  -1.0000   tns_sense_num: -1
    power:  -9223372036854775808  
 is current best
CDN_DP_region_1_0_c5 in biquad_a032767_a10_a23015_b08946_b117892_b28946_G0: area: 4449133100 ,dp = 3 mux = 6 sg = very_fast    worst_clk_period: -1.0000 
    wns: 39848  norm_wns:  -1.0000 
    fail_endp: -1 
    tns:  719248  tns_per_endp:  -1.0000   norm_tns_per_endp:  -1.0000 
    tns_sense_max:  -1.0000  tns_sense_avg:  -1.0000   tns_sense_num: -1
    power:  -9223372036854775808  

CDN_DP_region_1_0_c6 in biquad_a032767_a10_a23015_b08946_b117892_b28946_G0: area: 3914312550 ,dp = 2 mux = 4 sg = very_fast    worst_clk_period: -1.0000 
    wns: 31927  norm_wns:  -1.0000 
    fail_endp: -1 
    tns:  587728  tns_per_endp:  -1.0000   norm_tns_per_endp:  -1.0000 
    tns_sense_max:  -1.0000  tns_sense_avg:  -1.0000   tns_sense_num: -1
    power:  -9223372036854775808  

CDN_DP_region_1_0_c7 in biquad_a032767_a10_a23015_b08946_b117892_b28946_G0: area: 5556235550 ,dp = 5 mux = 6 sg = very_fast    worst_clk_period: -1.0000 
    wns: 23953  norm_wns:  -1.0000 
    fail_endp: -1 
    tns:  464928  tns_per_endp:  -1.0000   norm_tns_per_endp:  -1.0000 
    tns_sense_max:  -1.0000  tns_sense_avg:  -1.0000   tns_sense_num: -1
    power:  -9223372036854775808  
 is current best
Best config: CDN_DP_region_1_0_c7 in biquad_a032767_a10_a23015_b08946_b117892_b28946_G0: area: 5556235550 ,dp = 5 mux = 6 sg = very_fast    worst_clk_period: -1.0000 
    wns: 23953  norm_wns:  -1.0000 
    fail_endp: -1 
    tns:  464928  tns_per_endp:  -1.0000   norm_tns_per_endp:  -1.0000 
    tns_sense_max:  -1.0000  tns_sense_avg:  -1.0000   tns_sense_num: -1
    power:  -9223372036854775808  
  Smallest config area : 3869677750.  Fastest config wns;  23953
##>+----------------------------------------------------------------------------------------------------------------------------------------------------------------+
##>Summary table of configs (Best config is CDN_DP_region_1_0_c7)
##>+----------------------------------------------------------------------------------------------------------------------------------------------------------------+
##>                     0                  1                  2                  3                  4                  5                  6                  7            
##>+----------------------------------------------------------------------------------------------------------------------------------------------------------------+
##>           Area       5418345900         3869677750         3869677750         5556235550         5556235550         4449133100         3914312550         5556235550  
##>            WNS         -6304.30           -3379.90           -3379.90           -2395.30           -2395.30           -3984.80           -3192.70           -2395.30  
##>            TNS          1302000             632656             632656             464928             464928             719248             587728             464928  
##>    Num Rewrite                0                  0                  0                  0                  0                  0                  0                  0  
##>     Num Factor                0                  0                  0                  1                  1                  0                  0                  1  
##>      Num Share                0                  0                  0                  0                  0                  0                  0                  0  
##>   Num CmultCse                0                  0                  0                  0                  0                  0                  0                  0  
##>   Num Downsize                0                  0                  0                  0                  0                  0                  0                  0  
##>  Num Speculate                0                  0                  0                  2                  2                  2                  0                  2  
##>     Runtime(s)                0                  1                  1                  2                  2                  2                  1                  7  
+----------------------------------------------------------------------------------------------------------------------------------------------------------------+
##>
##>
##>+-----------------------------------------------------------------------------------------------------------------------------------------------------------------------------------------------------+
##>Optimization Step DEBUG Table for config CDN_DP_region_1_0_c7
##>
##>                          Step                        Area   (  % Chg)         WNS (Change)          TNS (Change)                Power   (  % Chg)        Runtime (s)        Comment                   
##>+-----------------------------------------------------------------------------------------------------------------------------------------------------------------------------------------------------+
##>EquationExtraction              START             5418345900 (       )    -6304.30 (        )    1302000 (        )                    0 (       )              
##> rewrite                        START            10148837650 ( +87.31)    -5353.90 ( +950.40)    1134716 ( -167284)                    0 (  +0.00)              (a,ar) Expr2_from --> Expr2_to
##>                                  END            46357225050 (+356.77)    -8752.00 (-3398.10)    1895684 (  760968)                    0 (  +0.00)           2  
##>                                  END            41212267300 (+660.61)    -7886.70 (-1582.40)    1681683 (  379683)                    0 (  +0.00)           3  
##>createMaxCarrySave              START            12693021250 ( -69.20)    -7553.80 ( +332.90)    1584864 (  -96819)                    0 (  +0.00)              
##> datapath_rewrite_one_def       START            12693021250 (  +0.00)    -7553.80 (   +0.00)    1584864 (       0)                    0 (  +0.00)              
##>                                  END            12693021250 (  +0.00)    -7553.80 (   +0.00)    1584864 (       0)                    0 (  +0.00)           0  
##> speculate_in_gdef              START            12693021250 (  +0.00)    -7553.80 (   +0.00)    1584864 (       0)                    0 (  +0.00)              
##>  pre_speculate_mux_merge       START            12693021250 (  +0.00)    -7553.80 (   +0.00)    1584864 (       0)                    0 (  +0.00)              
##>                                  END            12693021250 (  +0.00)    -7553.80 (   +0.00)    1584864 (       0)                    0 (  +0.00)           0  
##>                                  END            12693021250 (  +0.00)    -7553.80 (   +0.00)    1584864 (       0)                    0 (  +0.00)           0  
##> csa_opto                       START            12693021250 (  +0.00)    -7553.80 (   +0.00)    1584864 (       0)                    0 (  +0.00)              
##>                                  END             4013943800 ( -68.38)    -3122.40 (+4431.40)     571120 (-1013744)                    0 (  +0.00)           0  
##>                                  END             4013943800 ( -68.38)    -3122.40 (+4431.40)     571120 (-1013744)                    0 (  +0.00)           0  
##>canonicalize_by_names           START             4013943800 (  +0.00)    -3122.40 (   +0.00)     571120 (       0)                    0 (  +0.00)              
##>                                  END             4013943800 (  +0.00)    -3122.40 (   +0.00)     571120 (       0)                    0 (  +0.00)           0  
##>datapath_rewrite_post_csa_one_  START             4013943800 (  +0.00)    -3122.40 (   +0.00)     571120 (       0)                    0 (  +0.00)              
##>                                  END             4013943800 (  +0.00)    -3122.40 (   +0.00)     571120 (       0)                    0 (  +0.00)           0  
##>datapath_csa_factoring_one_gde  START             4013943800 (  +0.00)    -3122.40 (   +0.00)     571120 (       0)                    0 (  +0.00)              
##>                                  END             4013943800 (  +0.00)    -3122.40 (   +0.00)     571120 (       0)                    0 (  +0.00)           0  
##>dpopt_share_one_def             START             4013943800 (  +0.00)    -3122.40 (   +0.00)     571120 (       0)                    0 (  +0.00)              
##>                                  END             4013943800 (  +0.00)    -3122.40 (   +0.00)     571120 (       0)                    0 (  +0.00)           0  
##>datapath_rewrite_post_share     START             4013943800 (  +0.00)    -3122.40 (   +0.00)     571120 (       0)                    0 (  +0.00)              
##>                                  END             4013943800 (  +0.00)    -3122.40 (   +0.00)     571120 (       0)                    0 (  +0.00)           0  
##>dp_combine_const_mult_with_com  START             4013943800 (  +0.00)    -3122.40 (   +0.00)     571120 (       0)                    0 (  +0.00)              
##>                                  END             4013943800 (  +0.00)    -3122.40 (   +0.00)     571120 (       0)                    0 (  +0.00)           0  
##>speculate_in_gdef               START             4013943800 (  +0.00)    -3122.40 (   +0.00)     571120 (       0)                    0 (  +0.00)              
##> pre_speculate_mux_merge        START             4013943800 (  +0.00)    -3122.40 (   +0.00)     571120 (       0)                    0 (  +0.00)              
##>                                  END             4013943800 (  +0.00)    -3122.40 (   +0.00)     571120 (       0)                    0 (  +0.00)           0  
##> createMaxCarrySave             START             6723116750 ( +67.49)    -2831.30 ( +291.10)     529488 (  -41632)                    0 (  +0.00)              
##>  datapath_rewrite_one_def      START             6723116750 (  +0.00)    -2831.30 (   +0.00)     529488 (       0)                    0 (  +0.00)              
##>   fast_cse_elim                START             6723116750 (  +0.00)    -2831.30 (   +0.00)     529488 (       0)                    0 (  +0.00)              
##>                                  END             6723116750 (  +0.00)    -2831.30 (   +0.00)     529488 (       0)                    0 (  +0.00)           0  
##>   fast_cse_elim                START             6723116750 (  +0.00)    -2831.30 (   +0.00)     529488 (       0)                    0 (  +0.00)              
##>                                  END             6723116750 (  +0.00)    -2831.30 (   +0.00)     529488 (       0)                    0 (  +0.00)           0  
##>                                  END             6723116750 (  +0.00)    -2831.30 (   +0.00)     529488 (       0)                    0 (  +0.00)           0  
##>  csa_opto                      START             6723116750 (  +0.00)    -2831.30 (   +0.00)     529488 (       0)                    0 (  +0.00)              
##>                                  END             6723116750 (  +0.00)    -2831.30 (   +0.00)     529488 (       0)                    0 (  +0.00)           0  
##>                                  END             6723116750 (  +0.00)    -2831.30 (   +0.00)     529488 (       0)                    0 (  +0.00)           0  
##>                                  END             6723116750 ( +67.49)    -2831.30 ( +291.10)     529488 (  -41632)                    0 (  +0.00)           0  
##>dp_operator_level_decompositio  START             6723116750 (  +0.00)    -2831.30 (   +0.00)     529488 (       0)                    0 (  +0.00)              
##>                                  END             6723116750 (  +0.00)    -2831.30 (   +0.00)     529488 (       0)                    0 (  +0.00)           0  
##>selective_flatten_dp_config     START             6723116750 (  +0.00)    -2831.30 (   +0.00)     529488 (       0)                    0 (  +0.00)              
##>                                  END             6676090800 (  -0.70)    -2832.90 (   -1.60)     528800 (    -688)                    0 (  +0.00)           0  
##>createMaxCarrySave              START             6676090800 (  +0.00)    -2832.90 (   +0.00)     528800 (       0)                    0 (  +0.00)              
##> datapath_rewrite_one_def       START             6676090800 (  +0.00)    -2832.90 (   +0.00)     528800 (       0)                    0 (  +0.00)              
##>  fast_cse_elim                 START             6676090800 (  +0.00)    -2832.90 (   +0.00)     528800 (       0)                    0 (  +0.00)              
##>                                  END             6676090800 (  +0.00)    -2832.90 (   +0.00)     528800 (       0)                    0 (  +0.00)           0  
##>  fast_cse_elim                 START             6676090800 (  +0.00)    -2832.90 (   +0.00)     528800 (       0)                    0 (  +0.00)              
##>                                  END             6676090800 (  +0.00)    -2832.90 (   +0.00)     528800 (       0)                    0 (  +0.00)           0  
##>                                  END             6676090800 (  +0.00)    -2832.90 (   +0.00)     528800 (       0)                    0 (  +0.00)           0  
##> speculate_in_gdef              START             6676090800 (  +0.00)    -2832.90 (   +0.00)     528800 (       0)                    0 (  +0.00)              
##>  pre_speculate_mux_merge       START             6676090800 (  +0.00)    -2832.90 (   +0.00)     528800 (       0)                    0 (  +0.00)              
##>                                  END             6676090800 (  +0.00)    -2832.90 (   +0.00)     528800 (       0)                    0 (  +0.00)           0  
##>                                  END             9385263750 ( +40.58)    -2678.50 ( +154.40)     506736 (  -22064)                    0 (  +0.00)           0  
##> csa_opto                       START             9385263750 (  +0.00)    -2678.50 (   +0.00)     506736 (       0)                    0 (  +0.00)              
##>                                  END             9385263750 (  +0.00)    -2678.50 (   +0.00)     506736 (       0)                    0 (  +0.00)           0  
##>                                  END             9385263750 ( +40.58)    -2678.50 ( +154.40)     506736 (  -22064)                    0 (  +0.00)           0  
##>datapath_rewrite_post_csa_one_  START             9385263750 (  +0.00)    -2678.50 (   +0.00)     506736 (       0)                    0 (  +0.00)              
##>                                  END             9385263750 (  +0.00)    -2678.50 (   +0.00)     506736 (       0)                    0 (  +0.00)           0  
##>datapath_csa_factoring_one_gde  START             9385263750 (  +0.00)    -2678.50 (   +0.00)     506736 (       0)                    0 (  +0.00)              
##>                                  END             5728398350 ( -38.96)    -2295.50 ( +383.00)     442960 (  -63776)                    0 (  +0.00)           0  
##>dpopt_share_one_def             START             5728398350 (  +0.00)    -2295.50 (   +0.00)     442960 (       0)                    0 (  +0.00)              
##>                                  END             5728398350 (  +0.00)    -2295.50 (   +0.00)     442960 (       0)                    0 (  +0.00)           0  
##>datapath_rewrite_post_share     START             5728398350 (  +0.00)    -2295.50 (   +0.00)     442960 (       0)                    0 (  +0.00)              
##>                                  END             5728398350 (  +0.00)    -2295.50 (   +0.00)     442960 (       0)                    0 (  +0.00)           0  
##>dp_combine_const_mult_with_com  START             5728398350 (  +0.00)    -2295.50 (   +0.00)     442960 (       0)                    0 (  +0.00)              
##>                                  END             5728398350 (  +0.00)    -2295.50 (   +0.00)     442960 (       0)                    0 (  +0.00)           0  
##>speculate_in_gdef               START             5728398350 (  +0.00)    -2295.50 (   +0.00)     442960 (       0)                    0 (  +0.00)              
##> pre_speculate_mux_merge        START             5728398350 (  +0.00)    -2295.50 (   +0.00)     442960 (       0)                    0 (  +0.00)              
##>                                  END             5728398350 (  +0.00)    -2295.50 (   +0.00)     442960 (       0)                    0 (  +0.00)           0  
##>                                  END             5728398350 (  +0.00)    -2295.50 (   +0.00)     442960 (       0)                    0 (  +0.00)           0  
##>dp_operator_level_decompositio  START             5728398350 (  +0.00)    -2295.50 (   +0.00)     442960 (       0)                    0 (  +0.00)              
##>                                  END             5728398350 (  +0.00)    -2295.50 (   +0.00)     442960 (       0)                    0 (  +0.00)           0  
##>selective_flatten_dp_config     START             5728398350 (  +0.00)    -2295.50 (   +0.00)     442960 (       0)                    0 (  +0.00)              
##>                                  END             5728398350 (  +0.00)    -2295.50 (   +0.00)     442960 (       0)                    0 (  +0.00)           0  
##>createMaxCarrySave              START             5728398350 (  +0.00)    -2295.50 (   +0.00)     442960 (       0)                    0 (  +0.00)              
##> datapath_rewrite_one_def       START             5728398350 (  +0.00)    -2295.50 (   +0.00)     442960 (       0)                    0 (  +0.00)              
##>  fast_cse_elim                 START             5728398350 (  +0.00)    -2295.50 (   +0.00)     442960 (       0)                    0 (  +0.00)              
##>                                  END             5728398350 (  +0.00)    -2295.50 (   +0.00)     442960 (       0)                    0 (  +0.00)           0  
##>  fast_cse_elim                 START             5728398350 (  +0.00)    -2295.50 (   +0.00)     442960 (       0)                    0 (  +0.00)              
##>                                  END             5728398350 (  +0.00)    -2295.50 (   +0.00)     442960 (       0)                    0 (  +0.00)           0  
##>                                  END             5728398350 (  +0.00)    -2295.50 (   +0.00)     442960 (       0)                    0 (  +0.00)           0  
##> speculate_in_gdef              START             5728398350 (  +0.00)    -2295.50 (   +0.00)     442960 (       0)                    0 (  +0.00)              
##>  pre_speculate_mux_merge       START             5728398350 (  +0.00)    -2295.50 (   +0.00)     442960 (       0)                    0 (  +0.00)              
##>                                  END             5728398350 (  +0.00)    -2295.50 (   +0.00)     442960 (       0)                    0 (  +0.00)           0  
##>                                  END             5728398350 (  +0.00)    -2295.50 (   +0.00)     442960 (       0)                    0 (  +0.00)           0  
##> csa_opto                       START             5728398350 (  +0.00)    -2295.50 (   +0.00)     442960 (       0)                    0 (  +0.00)              
##>                                  END             5728398350 (  +0.00)    -2295.50 (   +0.00)     442960 (       0)                    0 (  +0.00)           0  
##>                                  END             5728398350 (  +0.00)    -2295.50 (   +0.00)     442960 (       0)                    0 (  +0.00)           0  
##>datapath_rewrite_post_csa_one_  START             5728398350 (  +0.00)    -2295.50 (   +0.00)     442960 (       0)                    0 (  +0.00)              
##> rewrite                        START             5728398350 (  +0.00)    -2295.50 (   +0.00)     442960 (       0)                    0 (  +0.00)              (na,csaa) combined_csa2_signed_csa_signed_from --> combined_csa2_signed_csa_signed_to
##>                                  END             6782098450 ( +18.39)    -2701.30 ( -405.80)     509168 (   66208)                    0 (  +0.00)           0  
##> rewrite                        START             5728398350 ( -15.54)    -2295.50 ( +405.80)     442960 (  -66208)                    0 (  +0.00)              (na,csaa) combined_csa2_signed_csa_signed_from --> combined_csa2_signed_csa_signed_to
##>                                  END             6820356850 ( +19.06)    -2303.50 (   -8.00)     445520 (    2560)                    0 (  +0.00)           0  
##> rewrite                        START             5728398350 ( -16.01)    -2295.50 (   +8.00)     442960 (   -2560)                    0 (  +0.00)              (na,csaa) combined_csa2_signed_csa_signed_from --> combined_csa2_signed_csa_signed_to
##>                                  END             6849847700 ( +19.58)    -2303.50 (   -8.00)     445520 (    2560)                    0 (  +0.00)           0  
##>                                  END             5728398350 (  +0.00)    -2295.50 (   +0.00)     442960 (       0)                    0 (  +0.00)           0  
##>datapath_csa_factoring_one_gde  START             5728398350 (  +0.00)    -2295.50 (   +0.00)     442960 (       0)                    0 (  +0.00)              
##>                                  END             5728398350 (  +0.00)    -2295.50 (   +0.00)     442960 (       0)                    0 (  +0.00)           0  
##>dpopt_share_one_def             START             5728398350 (  +0.00)    -2295.50 (   +0.00)     442960 (       0)                    0 (  +0.00)              
##>                                  END             5728398350 (  +0.00)    -2295.50 (   +0.00)     442960 (       0)                    0 (  +0.00)           0  
##>datapath_rewrite_post_share     START             5728398350 (  +0.00)    -2295.50 (   +0.00)     442960 (       0)                    0 (  +0.00)              
##>                                  END             5728398350 (  +0.00)    -2295.50 (   +0.00)     442960 (       0)                    0 (  +0.00)           0  
##>dp_combine_const_mult_with_com  START             5728398350 (  +0.00)    -2295.50 (   +0.00)     442960 (       0)                    0 (  +0.00)              
##>                                  END             5728398350 (  +0.00)    -2295.50 (   +0.00)     442960 (       0)                    0 (  +0.00)           0  
##>speculate_in_gdef               START             5728398350 (  +0.00)    -2295.50 (   +0.00)     442960 (       0)                    0 (  +0.00)              
##> pre_speculate_mux_merge        START             5728398350 (  +0.00)    -2295.50 (   +0.00)     442960 (       0)                    0 (  +0.00)              
##>                                  END             5728398350 (  +0.00)    -2295.50 (   +0.00)     442960 (       0)                    0 (  +0.00)           0  
##>                                  END             5728398350 (  +0.00)    -2295.50 (   +0.00)     442960 (       0)                    0 (  +0.00)           0  
##>dp_operator_level_decompositio  START             5728398350 (  +0.00)    -2295.50 (   +0.00)     442960 (       0)                    0 (  +0.00)              
##>                                  END             5728398350 (  +0.00)    -2295.50 (   +0.00)     442960 (       0)                    0 (  +0.00)           0  
##>selective_flatten_dp_config     START             5728398350 (  +0.00)    -2295.50 (   +0.00)     442960 (       0)                    0 (  +0.00)              
##>                                  END             5728398350 (  +0.00)    -2295.50 (   +0.00)     442960 (       0)                    0 (  +0.00)           0  
##>createMaxCarrySave              START             5728398350 (  +0.00)    -2295.50 (   +0.00)     442960 (       0)                    0 (  +0.00)              
##> datapath_rewrite_one_def       START             5728398350 (  +0.00)    -2295.50 (   +0.00)     442960 (       0)                    0 (  +0.00)              
##>  fast_cse_elim                 START             5728398350 (  +0.00)    -2295.50 (   +0.00)     442960 (       0)                    0 (  +0.00)              
##>                                  END             5728398350 (  +0.00)    -2295.50 (   +0.00)     442960 (       0)                    0 (  +0.00)           0  
##>  fast_cse_elim                 START             5728398350 (  +0.00)    -2295.50 (   +0.00)     442960 (       0)                    0 (  +0.00)              
##>                                  END             5728398350 (  +0.00)    -2295.50 (   +0.00)     442960 (       0)                    0 (  +0.00)           0  
##>                                  END             5728398350 (  +0.00)    -2295.50 (   +0.00)     442960 (       0)                    0 (  +0.00)           0  
##> speculate_in_gdef              START             5728398350 (  +0.00)    -2295.50 (   +0.00)     442960 (       0)                    0 (  +0.00)              
##>  pre_speculate_mux_merge       START             5728398350 (  +0.00)    -2295.50 (   +0.00)     442960 (       0)                    0 (  +0.00)              
##>                                  END             5728398350 (  +0.00)    -2295.50 (   +0.00)     442960 (       0)                    0 (  +0.00)           0  
##>                                  END             5728398350 (  +0.00)    -2295.50 (   +0.00)     442960 (       0)                    0 (  +0.00)           0  
##> csa_opto                       START             5728398350 (  +0.00)    -2295.50 (   +0.00)     442960 (       0)                    0 (  +0.00)              
##>                                  END             5728398350 (  +0.00)    -2295.50 (   +0.00)     442960 (       0)                    0 (  +0.00)           0  
##>                                  END             5728398350 (  +0.00)    -2295.50 (   +0.00)     442960 (       0)                    0 (  +0.00)           0  
##>context_based_simplify          START             5697313400 (  -0.54)    -2295.50 (   +0.00)     440688 (   -2272)                    0 (  +0.00)              
##>                                  END             5697313400 (  +0.00)    -2295.50 (   +0.00)     440688 (       0)                    0 (  +0.00)           0  
##>group_csa_final_adder_dp        START             5697313400 (  +0.00)    -2295.50 (   +0.00)     440688 (       0)                    0 (  +0.00)              
##>                                  END             7529731350 ( +32.16)    -2500.30 ( -204.80)     497984 (   57296)                    0 (  +0.00)           0  
##>dpopt_flatten_critical_muxes_i  START             7529731350 (  +0.00)    -2500.30 (   +0.00)     497984 (       0)                    0 (  +0.00)              
##>                                  END             7529731350 (  +0.00)    -2500.30 (   +0.00)     497984 (       0)                    0 (  +0.00)           0  
##>speculate_in_gdef               START             7529731350 (  +0.00)    -2500.30 (   +0.00)     497984 (       0)                    0 (  +0.00)              
##> pre_speculate_mux_merge        START             7529731350 (  +0.00)    -2500.30 (   +0.00)     497984 (       0)                    0 (  +0.00)              
##>                                  END             7529731350 (  +0.00)    -2500.30 (   +0.00)     497984 (       0)                    0 (  +0.00)           0  
##>                                  END             7529731350 (  +0.00)    -2500.30 (   +0.00)     497984 (       0)                    0 (  +0.00)           0  
##>create_score                    START             5556235550 ( -26.21)    -2395.30 ( +105.00)     464928 (  -33056)                    0 (  +0.00)              
##>                                  END             5556235550 (  +0.00)    -2395.30 (   +0.00)     464928 (       0)                    0 (  +0.00)           0  
##>+-----------------------------------------------------------------------------------------------------------------------------------------------------------------------------------------------------+
Committed config: CDN_DP_region_1_0_c7
Info    : Done implementing datapath configurations. [DPOPT-4]
        : Selected 'very_fast' configuration 7 for module 'CDN_DP_region_1_0_c7'.
          Optimizations applied to 'very_fast' configuration:
            rewriting(0), factoring(1), sharing(0), cmultcse(0), downsizing(0), speculation(2)
Info    : Implementing datapath configurations. [DPOPT-3]
        : Implementing datapath configurations for 'CDN_DP_region_3_0'
CSAGen Prep Share:0 Re-Write:0 Speculation: 0
MaxCSA: Successfully built Maximal CSA Expression Expr3
CDN_DP_region_3_0 level = 0 loads = 0 drivers = 0
CDN_DP_region_3_0_c0 in biquad_a032767_a10_a29362_b010532_b121065_b210532_G0: area: 5446242650 ,dp = 11 mux = 4 sg = slow         worst_clk_period: -1.0000 
    wns: 61960  norm_wns:  -1.0000 
    fail_endp: -1 
    tns:  1281744  tns_per_endp:  -1.0000   norm_tns_per_endp:  -1.0000 
    tns_sense_max:  -1.0000  tns_sense_avg:  -1.0000   tns_sense_num: -1
    power:  -9223372036854775808  
 skipped
CDN_DP_region_3_0_c1 in biquad_a032767_a10_a29362_b010532_b121065_b210532_G0: area: 3947788650 ,dp = 2 mux = 2 sg = fast         worst_clk_period: -1.0000 
    wns: 35360  norm_wns:  -1.0000 
    fail_endp: -1 
    tns:  676528  tns_per_endp:  -1.0000   norm_tns_per_endp:  -1.0000 
    tns_sense_max:  -1.0000  tns_sense_avg:  -1.0000   tns_sense_num: -1
    power:  -9223372036854775808  
 is current best
CDN_DP_region_3_0_c2 in biquad_a032767_a10_a29362_b010532_b121065_b210532_G0: area: 3947788650 ,dp = 2 mux = 2 sg = very_slow    worst_clk_period: -1.0000 
    wns: 35360  norm_wns:  -1.0000 
    fail_endp: -1 
    tns:  676528  tns_per_endp:  -1.0000   norm_tns_per_endp:  -1.0000 
    tns_sense_max:  -1.0000  tns_sense_avg:  -1.0000   tns_sense_num: -1
    power:  -9223372036854775808  
 is current best
CDN_DP_region_3_0_c3 in biquad_a032767_a10_a29362_b010532_b121065_b210532_G0: area: 5588117550 ,dp = 5 mux = 6 sg = very_fast    worst_clk_period: -1.0000 
    wns: 24960  norm_wns:  -1.0000 
    fail_endp: -1 
    tns:  499936  tns_per_endp:  -1.0000   norm_tns_per_endp:  -1.0000 
    tns_sense_max:  -1.0000  tns_sense_avg:  -1.0000   tns_sense_num: -1
    power:  -9223372036854775808  
 is current best
CDN_DP_region_3_0_c4 in biquad_a032767_a10_a29362_b010532_b121065_b210532_G0: area: 5588117550 ,dp = 5 mux = 6 sg = very_fast    worst_clk_period: -1.0000 
    wns: 24960  norm_wns:  -1.0000 
    fail_endp: -1 
    tns:  499936  tns_per_endp:  -1.0000   norm_tns_per_endp:  -1.0000 
    tns_sense_max:  -1.0000  tns_sense_avg:  -1.0000   tns_sense_num: -1
    power:  -9223372036854775808  
 is current best
CDN_DP_region_3_0_c5 in biquad_a032767_a10_a29362_b010532_b121065_b210532_G0: area: 4497753150 ,dp = 3 mux = 6 sg = very_fast    worst_clk_period: -1.0000 
    wns: 41613  norm_wns:  -1.0000 
    fail_endp: -1 
    tns:  766384  tns_per_endp:  -1.0000   norm_tns_per_endp:  -1.0000 
    tns_sense_max:  -1.0000  tns_sense_avg:  -1.0000   tns_sense_num: -1
    power:  -9223372036854775808  

CDN_DP_region_3_0_c6 in biquad_a032767_a10_a29362_b010532_b121065_b210532_G0: area: 3992423450 ,dp = 2 mux = 4 sg = very_fast    worst_clk_period: -1.0000 
    wns: 33488  norm_wns:  -1.0000 
    fail_endp: -1 
    tns:  631600  tns_per_endp:  -1.0000   norm_tns_per_endp:  -1.0000 
    tns_sense_max:  -1.0000  tns_sense_avg:  -1.0000   tns_sense_num: -1
    power:  -9223372036854775808  

CDN_DP_region_3_0_c7 in biquad_a032767_a10_a29362_b010532_b121065_b210532_G0: area: 5588117550 ,dp = 5 mux = 6 sg = very_fast    worst_clk_period: -1.0000 
    wns: 24960  norm_wns:  -1.0000 
    fail_endp: -1 
    tns:  499936  tns_per_endp:  -1.0000   norm_tns_per_endp:  -1.0000 
    tns_sense_max:  -1.0000  tns_sense_avg:  -1.0000   tns_sense_num: -1
    power:  -9223372036854775808  
 is current best
Best config: CDN_DP_region_3_0_c7 in biquad_a032767_a10_a29362_b010532_b121065_b210532_G0: area: 5588117550 ,dp = 5 mux = 6 sg = very_fast    worst_clk_period: -1.0000 
    wns: 24960  norm_wns:  -1.0000 
    fail_endp: -1 
    tns:  499936  tns_per_endp:  -1.0000   norm_tns_per_endp:  -1.0000 
    tns_sense_max:  -1.0000  tns_sense_avg:  -1.0000   tns_sense_num: -1
    power:  -9223372036854775808  
  Smallest config area : 3947788650.  Fastest config wns;  24960
##>+----------------------------------------------------------------------------------------------------------------------------------------------------------------+
##>Summary table of configs (Best config is CDN_DP_region_3_0_c7)
##>+----------------------------------------------------------------------------------------------------------------------------------------------------------------+
##>                     0                  1                  2                  3                  4                  5                  6                  7            
##>+----------------------------------------------------------------------------------------------------------------------------------------------------------------+
##>           Area       5446242650         3947788650         3947788650         5588117550         5588117550         4497753150         3992423450         5588117550  
##>            WNS         -6196.00           -3536.00           -3536.00           -2496.00           -2496.00           -4161.30           -3348.80           -2496.00  
##>            TNS          1281744             676528             676528             499936             499936             766384             631600             499936  
##>    Num Rewrite                0                  0                  0                  0                  0                  0                  0                  0  
##>     Num Factor                0                  0                  0                  1                  1                  0                  0                  1  
##>      Num Share                0                  0                  0                  0                  0                  0                  0                  0  
##>   Num CmultCse                0                  0                  0                  0                  0                  0                  0                  0  
##>   Num Downsize                0                  0                  0                  0                  0                  0                  0                  0  
##>  Num Speculate                0                  0                  0                  2                  2                  2                  0                  2  
##>     Runtime(s)                0                  1                  1                  2                  2                  2                  1                  7  
+----------------------------------------------------------------------------------------------------------------------------------------------------------------+
##>
##>
##>+-----------------------------------------------------------------------------------------------------------------------------------------------------------------------------------------------------+
##>Optimization Step DEBUG Table for config CDN_DP_region_3_0_c7
##>
##>                          Step                        Area   (  % Chg)         WNS (Change)          TNS (Change)                Power   (  % Chg)        Runtime (s)        Comment                   
##>+-----------------------------------------------------------------------------------------------------------------------------------------------------------------------------------------------------+
##>EquationExtraction              START             5446242650 (       )    -6196.00 (        )    1281744 (        )                    0 (       )              
##> rewrite                        START            10956249300 (+101.17)    -5215.30 ( +980.70)    1122946 ( -158798)                    0 (  +0.00)              (a,ar) Expr3_from --> Expr3_to
##>                                  END            46703941800 (+326.28)    -8910.50 (-3695.20)    1946668 (  823722)                    0 (  +0.00)           2  
##>                                  END            41531087300 (+662.56)    -8050.20 (-1854.20)    1734003 (  452259)                    0 (  +0.00)           3  
##>createMaxCarrySave              START            13044520300 ( -68.59)    -7778.00 ( +272.20)    1656608 (  -77395)                    0 (  +0.00)              
##> datapath_rewrite_one_def       START            13044520300 (  +0.00)    -7778.00 (   +0.00)    1656608 (       0)                    0 (  +0.00)              
##>                                  END            13044520300 (  +0.00)    -7778.00 (   +0.00)    1656608 (       0)                    0 (  +0.00)           0  
##> speculate_in_gdef              START            13044520300 (  +0.00)    -7778.00 (   +0.00)    1656608 (       0)                    0 (  +0.00)              
##>  pre_speculate_mux_merge       START            13044520300 (  +0.00)    -7778.00 (   +0.00)    1656608 (       0)                    0 (  +0.00)              
##>                                  END            13044520300 (  +0.00)    -7778.00 (   +0.00)    1656608 (       0)                    0 (  +0.00)           0  
##>                                  END            13044520300 (  +0.00)    -7778.00 (   +0.00)    1656608 (       0)                    0 (  +0.00)           0  
##> csa_opto                       START            13044520300 (  +0.00)    -7778.00 (   +0.00)    1656608 (       0)                    0 (  +0.00)              
##>                                  END             4177339050 ( -67.98)    -3281.70 (+4496.30)     616016 (-1040592)                    0 (  +0.00)           0  
##>                                  END             4177339050 ( -67.98)    -3281.70 (+4496.30)     616016 (-1040592)                    0 (  +0.00)           0  
##>canonicalize_by_names           START             4177339050 (  +0.00)    -3281.70 (   +0.00)     616016 (       0)                    0 (  +0.00)              
##>                                  END             4177339050 (  +0.00)    -3281.70 (   +0.00)     616016 (       0)                    0 (  +0.00)           0  
##>datapath_rewrite_post_csa_one_  START             4177339050 (  +0.00)    -3281.70 (   +0.00)     616016 (       0)                    0 (  +0.00)              
##>                                  END             4177339050 (  +0.00)    -3281.70 (   +0.00)     616016 (       0)                    0 (  +0.00)           0  
##>datapath_csa_factoring_one_gde  START             4177339050 (  +0.00)    -3281.70 (   +0.00)     616016 (       0)                    0 (  +0.00)              
##>                                  END             4177339050 (  +0.00)    -3281.70 (   +0.00)     616016 (       0)                    0 (  +0.00)           0  
##>dpopt_share_one_def             START             4177339050 (  +0.00)    -3281.70 (   +0.00)     616016 (       0)                    0 (  +0.00)              
##>                                  END             4177339050 (  +0.00)    -3281.70 (   +0.00)     616016 (       0)                    0 (  +0.00)           0  
##>datapath_rewrite_post_share     START             4177339050 (  +0.00)    -3281.70 (   +0.00)     616016 (       0)                    0 (  +0.00)              
##>                                  END             4177339050 (  +0.00)    -3281.70 (   +0.00)     616016 (       0)                    0 (  +0.00)           0  
##>dp_combine_const_mult_with_com  START             4177339050 (  +0.00)    -3281.70 (   +0.00)     616016 (       0)                    0 (  +0.00)              
##>                                  END             4177339050 (  +0.00)    -3281.70 (   +0.00)     616016 (       0)                    0 (  +0.00)           0  
##>speculate_in_gdef               START             4177339050 (  +0.00)    -3281.70 (   +0.00)     616016 (       0)                    0 (  +0.00)              
##> pre_speculate_mux_merge        START             4177339050 (  +0.00)    -3281.70 (   +0.00)     616016 (       0)                    0 (  +0.00)              
##>                                  END             4177339050 (  +0.00)    -3281.70 (   +0.00)     616016 (       0)                    0 (  +0.00)           0  
##> createMaxCarrySave             START             6978969800 ( +67.07)    -2990.60 ( +291.10)     574384 (  -41632)                    0 (  +0.00)              
##>  datapath_rewrite_one_def      START             6978969800 (  +0.00)    -2990.60 (   +0.00)     574384 (       0)                    0 (  +0.00)              
##>   fast_cse_elim                START             6978969800 (  +0.00)    -2990.60 (   +0.00)     574384 (       0)                    0 (  +0.00)              
##>                                  END             6978969800 (  +0.00)    -2990.60 (   +0.00)     574384 (       0)                    0 (  +0.00)           0  
##>   fast_cse_elim                START             6978969800 (  +0.00)    -2990.60 (   +0.00)     574384 (       0)                    0 (  +0.00)              
##>                                  END             6978969800 (  +0.00)    -2990.60 (   +0.00)     574384 (       0)                    0 (  +0.00)           0  
##>                                  END             6978969800 (  +0.00)    -2990.60 (   +0.00)     574384 (       0)                    0 (  +0.00)           0  
##>  csa_opto                      START             6978969800 (  +0.00)    -2990.60 (   +0.00)     574384 (       0)                    0 (  +0.00)              
##>                                  END             6978969800 (  +0.00)    -2990.60 (   +0.00)     574384 (       0)                    0 (  +0.00)           0  
##>                                  END             6978969800 (  +0.00)    -2990.60 (   +0.00)     574384 (       0)                    0 (  +0.00)           0  
##>                                  END             6978969800 ( +67.07)    -2990.60 ( +291.10)     574384 (  -41632)                    0 (  +0.00)           0  
##>dp_operator_level_decompositio  START             6978969800 (  +0.00)    -2990.60 (   +0.00)     574384 (       0)                    0 (  +0.00)              
##>                                  END             6978969800 (  +0.00)    -2990.60 (   +0.00)     574384 (       0)                    0 (  +0.00)           0  
##>selective_flatten_dp_config     START             6978969800 (  +0.00)    -2990.60 (   +0.00)     574384 (       0)                    0 (  +0.00)              
##>                                  END             6936726150 (  -0.61)    -2993.00 (   -2.40)     573952 (    -432)                    0 (  +0.00)           0  
##>createMaxCarrySave              START             6936726150 (  +0.00)    -2993.00 (   +0.00)     573952 (       0)                    0 (  +0.00)              
##> datapath_rewrite_one_def       START             6936726150 (  +0.00)    -2993.00 (   +0.00)     573952 (       0)                    0 (  +0.00)              
##>  fast_cse_elim                 START             6936726150 (  +0.00)    -2993.00 (   +0.00)     573952 (       0)                    0 (  +0.00)              
##>                                  END             6936726150 (  +0.00)    -2993.00 (   +0.00)     573952 (       0)                    0 (  +0.00)           0  
##>  fast_cse_elim                 START             6936726150 (  +0.00)    -2993.00 (   +0.00)     573952 (       0)                    0 (  +0.00)              
##>                                  END             6936726150 (  +0.00)    -2993.00 (   +0.00)     573952 (       0)                    0 (  +0.00)           0  
##>                                  END             6936726150 (  +0.00)    -2993.00 (   +0.00)     573952 (       0)                    0 (  +0.00)           0  
##> speculate_in_gdef              START             6936726150 (  +0.00)    -2993.00 (   +0.00)     573952 (       0)                    0 (  +0.00)              
##>  pre_speculate_mux_merge       START             6936726150 (  +0.00)    -2993.00 (   +0.00)     573952 (       0)                    0 (  +0.00)              
##>                                  END             6936726150 (  +0.00)    -2993.00 (   +0.00)     573952 (       0)                    0 (  +0.00)           0  
##>                                  END             9738356900 ( +40.39)    -2830.40 ( +162.60)     550576 (  -23376)                    0 (  +0.00)           0  
##> csa_opto                       START             9738356900 (  +0.00)    -2830.40 (   +0.00)     550576 (       0)                    0 (  +0.00)              
##>                                  END             9738356900 (  +0.00)    -2830.40 (   +0.00)     550576 (       0)                    0 (  +0.00)           0  
##>                                  END             9738356900 ( +40.39)    -2830.40 ( +162.60)     550576 (  -23376)                    0 (  +0.00)           0  
##>datapath_rewrite_post_csa_one_  START             9738356900 (  +0.00)    -2830.40 (   +0.00)     550576 (       0)                    0 (  +0.00)              
##>                                  END             9738356900 (  +0.00)    -2830.40 (   +0.00)     550576 (       0)                    0 (  +0.00)           0  
##>datapath_csa_factoring_one_gde  START             9738356900 (  +0.00)    -2830.40 (   +0.00)     550576 (       0)                    0 (  +0.00)              
##>                                  END             5841579450 ( -40.01)    -2423.60 ( +406.80)     482992 (  -67584)                    0 (  +0.00)           0  
##>dpopt_share_one_def             START             5841579450 (  +0.00)    -2423.60 (   +0.00)     482992 (       0)                    0 (  +0.00)              
##>                                  END             5841579450 (  +0.00)    -2423.60 (   +0.00)     482992 (       0)                    0 (  +0.00)           0  
##>datapath_rewrite_post_share     START             5841579450 (  +0.00)    -2423.60 (   +0.00)     482992 (       0)                    0 (  +0.00)              
##>                                  END             5841579450 (  +0.00)    -2423.60 (   +0.00)     482992 (       0)                    0 (  +0.00)           0  
##>dp_combine_const_mult_with_com  START             5841579450 (  +0.00)    -2423.60 (   +0.00)     482992 (       0)                    0 (  +0.00)              
##>                                  END             5841579450 (  +0.00)    -2423.60 (   +0.00)     482992 (       0)                    0 (  +0.00)           0  
##>speculate_in_gdef               START             5841579450 (  +0.00)    -2423.60 (   +0.00)     482992 (       0)                    0 (  +0.00)              
##> pre_speculate_mux_merge        START             5841579450 (  +0.00)    -2423.60 (   +0.00)     482992 (       0)                    0 (  +0.00)              
##>                                  END             5841579450 (  +0.00)    -2423.60 (   +0.00)     482992 (       0)                    0 (  +0.00)           0  
##>                                  END             5841579450 (  +0.00)    -2423.60 (   +0.00)     482992 (       0)                    0 (  +0.00)           0  
##>dp_operator_level_decompositio  START             5841579450 (  +0.00)    -2423.60 (   +0.00)     482992 (       0)                    0 (  +0.00)              
##>                                  END             5841579450 (  +0.00)    -2423.60 (   +0.00)     482992 (       0)                    0 (  +0.00)           0  
##>selective_flatten_dp_config     START             5841579450 (  +0.00)    -2423.60 (   +0.00)     482992 (       0)                    0 (  +0.00)              
##>                                  END             5841579450 (  +0.00)    -2423.60 (   +0.00)     482992 (       0)                    0 (  +0.00)           0  
##>createMaxCarrySave              START             5841579450 (  +0.00)    -2423.60 (   +0.00)     482992 (       0)                    0 (  +0.00)              
##> datapath_rewrite_one_def       START             5841579450 (  +0.00)    -2423.60 (   +0.00)     482992 (       0)                    0 (  +0.00)              
##>  fast_cse_elim                 START             5841579450 (  +0.00)    -2423.60 (   +0.00)     482992 (       0)                    0 (  +0.00)              
##>                                  END             5841579450 (  +0.00)    -2423.60 (   +0.00)     482992 (       0)                    0 (  +0.00)           0  
##>  fast_cse_elim                 START             5841579450 (  +0.00)    -2423.60 (   +0.00)     482992 (       0)                    0 (  +0.00)              
##>                                  END             5841579450 (  +0.00)    -2423.60 (   +0.00)     482992 (       0)                    0 (  +0.00)           0  
##>                                  END             5841579450 (  +0.00)    -2423.60 (   +0.00)     482992 (       0)                    0 (  +0.00)           0  
##> speculate_in_gdef              START             5841579450 (  +0.00)    -2423.60 (   +0.00)     482992 (       0)                    0 (  +0.00)              
##>  pre_speculate_mux_merge       START             5841579450 (  +0.00)    -2423.60 (   +0.00)     482992 (       0)                    0 (  +0.00)              
##>                                  END             5841579450 (  +0.00)    -2423.60 (   +0.00)     482992 (       0)                    0 (  +0.00)           0  
##>                                  END             5841579450 (  +0.00)    -2423.60 (   +0.00)     482992 (       0)                    0 (  +0.00)           0  
##> csa_opto                       START             5841579450 (  +0.00)    -2423.60 (   +0.00)     482992 (       0)                    0 (  +0.00)              
##>                                  END             5841579450 (  +0.00)    -2423.60 (   +0.00)     482992 (       0)                    0 (  +0.00)           0  
##>                                  END             5841579450 (  +0.00)    -2423.60 (   +0.00)     482992 (       0)                    0 (  +0.00)           0  
##>datapath_rewrite_post_csa_one_  START             5841579450 (  +0.00)    -2423.60 (   +0.00)     482992 (       0)                    0 (  +0.00)              
##> rewrite                        START             5841579450 (  +0.00)    -2423.60 (   +0.00)     482992 (       0)                    0 (  +0.00)              (na,csaa) combined_csa2_signed_csa_signed_from --> combined_csa2_signed_csa_signed_to
##>                                  END             7019619350 ( +20.17)    -2883.50 ( -459.90)     557856 (   74864)                    0 (  +0.00)           0  
##> rewrite                        START             5841579450 ( -16.78)    -2423.60 ( +459.90)     482992 (  -74864)                    0 (  +0.00)              (na,csaa) combined_csa2_signed_csa_signed_from --> combined_csa2_signed_csa_signed_to
##>                                  END             7044327900 ( +20.59)    -2431.60 (   -8.00)     485552 (    2560)                    0 (  +0.00)           0  
##> rewrite                        START             5841579450 ( -17.07)    -2423.60 (   +8.00)     482992 (   -2560)                    0 (  +0.00)              (na,csaa) combined_csa2_signed_csa_signed_from --> combined_csa2_signed_csa_signed_to
##>                                  END             7076209900 ( +21.14)    -2431.60 (   -8.00)     485552 (    2560)                    0 (  +0.00)           0  
##>                                  END             5841579450 (  +0.00)    -2423.60 (   +0.00)     482992 (       0)                    0 (  +0.00)           0  
##>datapath_csa_factoring_one_gde  START             5841579450 (  +0.00)    -2423.60 (   +0.00)     482992 (       0)                    0 (  +0.00)              
##>                                  END             5841579450 (  +0.00)    -2423.60 (   +0.00)     482992 (       0)                    0 (  +0.00)           0  
##>dpopt_share_one_def             START             5841579450 (  +0.00)    -2423.60 (   +0.00)     482992 (       0)                    0 (  +0.00)              
##>                                  END             5841579450 (  +0.00)    -2423.60 (   +0.00)     482992 (       0)                    0 (  +0.00)           0  
##>datapath_rewrite_post_share     START             5841579450 (  +0.00)    -2423.60 (   +0.00)     482992 (       0)                    0 (  +0.00)              
##>                                  END             5841579450 (  +0.00)    -2423.60 (   +0.00)     482992 (       0)                    0 (  +0.00)           0  
##>dp_combine_const_mult_with_com  START             5841579450 (  +0.00)    -2423.60 (   +0.00)     482992 (       0)                    0 (  +0.00)              
##>                                  END             5841579450 (  +0.00)    -2423.60 (   +0.00)     482992 (       0)                    0 (  +0.00)           0  
##>speculate_in_gdef               START             5841579450 (  +0.00)    -2423.60 (   +0.00)     482992 (       0)                    0 (  +0.00)              
##> pre_speculate_mux_merge        START             5841579450 (  +0.00)    -2423.60 (   +0.00)     482992 (       0)                    0 (  +0.00)              
##>                                  END             5841579450 (  +0.00)    -2423.60 (   +0.00)     482992 (       0)                    0 (  +0.00)           0  
##>                                  END             5841579450 (  +0.00)    -2423.60 (   +0.00)     482992 (       0)                    0 (  +0.00)           0  
##>dp_operator_level_decompositio  START             5841579450 (  +0.00)    -2423.60 (   +0.00)     482992 (       0)                    0 (  +0.00)              
##>                                  END             5841579450 (  +0.00)    -2423.60 (   +0.00)     482992 (       0)                    0 (  +0.00)           0  
##>selective_flatten_dp_config     START             5841579450 (  +0.00)    -2423.60 (   +0.00)     482992 (       0)                    0 (  +0.00)              
##>                                  END             5841579450 (  +0.00)    -2423.60 (   +0.00)     482992 (       0)                    0 (  +0.00)           0  
##>createMaxCarrySave              START             5841579450 (  +0.00)    -2423.60 (   +0.00)     482992 (       0)                    0 (  +0.00)              
##> datapath_rewrite_one_def       START             5841579450 (  +0.00)    -2423.60 (   +0.00)     482992 (       0)                    0 (  +0.00)              
##>  fast_cse_elim                 START             5841579450 (  +0.00)    -2423.60 (   +0.00)     482992 (       0)                    0 (  +0.00)              
##>                                  END             5841579450 (  +0.00)    -2423.60 (   +0.00)     482992 (       0)                    0 (  +0.00)           0  
##>  fast_cse_elim                 START             5841579450 (  +0.00)    -2423.60 (   +0.00)     482992 (       0)                    0 (  +0.00)              
##>                                  END             5841579450 (  +0.00)    -2423.60 (   +0.00)     482992 (       0)                    0 (  +0.00)           0  
##>                                  END             5841579450 (  +0.00)    -2423.60 (   +0.00)     482992 (       0)                    0 (  +0.00)           0  
##> speculate_in_gdef              START             5841579450 (  +0.00)    -2423.60 (   +0.00)     482992 (       0)                    0 (  +0.00)              
##>  pre_speculate_mux_merge       START             5841579450 (  +0.00)    -2423.60 (   +0.00)     482992 (       0)                    0 (  +0.00)              
##>                                  END             5841579450 (  +0.00)    -2423.60 (   +0.00)     482992 (       0)                    0 (  +0.00)           0  
##>                                  END             5841579450 (  +0.00)    -2423.60 (   +0.00)     482992 (       0)                    0 (  +0.00)           0  
##> csa_opto                       START             5841579450 (  +0.00)    -2423.60 (   +0.00)     482992 (       0)                    0 (  +0.00)              
##>                                  END             5841579450 (  +0.00)    -2423.60 (   +0.00)     482992 (       0)                    0 (  +0.00)           0  
##>                                  END             5841579450 (  +0.00)    -2423.60 (   +0.00)     482992 (       0)                    0 (  +0.00)           0  
##>context_based_simplify          START             5734774750 (  -1.83)    -2419.60 (   +4.00)     479440 (   -3552)                    0 (  +0.00)              
##>                                  END             5734774750 (  +0.00)    -2419.60 (   +0.00)     479440 (       0)                    0 (  +0.00)           0  
##>group_csa_final_adder_dp        START             5734774750 (  +0.00)    -2419.60 (   +0.00)     479440 (       0)                    0 (  +0.00)              
##>                                  END             7514587400 ( +31.04)    -2546.00 ( -126.40)     511584 (   32144)                    0 (  +0.00)           0  
##>dpopt_flatten_critical_muxes_i  START             7514587400 (  +0.00)    -2546.00 (   +0.00)     511584 (       0)                    0 (  +0.00)              
##>                                  END             7514587400 (  +0.00)    -2546.00 (   +0.00)     511584 (       0)                    0 (  +0.00)           0  
##>speculate_in_gdef               START             7514587400 (  +0.00)    -2546.00 (   +0.00)     511584 (       0)                    0 (  +0.00)              
##> pre_speculate_mux_merge        START             7514587400 (  +0.00)    -2546.00 (   +0.00)     511584 (       0)                    0 (  +0.00)              
##>                                  END             7514587400 (  +0.00)    -2546.00 (   +0.00)     511584 (       0)                    0 (  +0.00)           0  
##>                                  END             7514587400 (  +0.00)    -2546.00 (   +0.00)     511584 (       0)                    0 (  +0.00)           0  
##>create_score                    START             5588117550 ( -25.64)    -2496.00 (  +50.00)     499936 (  -11648)                    0 (  +0.00)              
##>                                  END             5588117550 (  +0.00)    -2496.00 (   +0.00)     499936 (       0)                    0 (  +0.00)           0  
##>+-----------------------------------------------------------------------------------------------------------------------------------------------------------------------------------------------------+
Committed config: CDN_DP_region_3_0_c7
Info    : Done implementing datapath configurations. [DPOPT-4]
        : Selected 'very_fast' configuration 7 for module 'CDN_DP_region_3_0_c7'.
          Optimizations applied to 'very_fast' configuration:
            rewriting(0), factoring(1), sharing(0), cmultcse(0), downsizing(0), speculation(2)
Info:  Ungrouped 0 dp-cluster instances.  0 cluster instances were left intact, to aid verification.
Info    : Done optimizing datapath logic. [DPOPT-2]
        : Done optimizing datapath logic in 'cascade_biquad_PIPELINE1'.
Number of big hc bmuxes after = 0
Starting logic reduction [v1.0] (stage: post_rtlopt, startdef: cascade_biquad_PIPELINE1, recur: true)
Completed logic reduction (accepts: 0, rejects: 0, runtime: 0.000s)
Starting mux data reorder optimization [v1.0] (stage: post_rtlopt, startdef: cascade_biquad_PIPELINE1, recur: true)
Completed mux data reorder optimization (accepts: 0, rejects: 0, runtime: 0.003s)

Stage: post_rtlopt
----------------------------------------------------------
| Transform           | Accepts | Rejects | Runtime (ms) | 
----------------------------------------------------------
| hlo_logic_reduction |       0 |       0 |         0.00 | 
| hlo_mux_reorder     |       0 |       0 |         3.00 | 
----------------------------------------------------------
Starting mux speculation [v1.0] (stage: post_muxopt, startdef: cascade_biquad_PIPELINE1, recur: true)
Starting speculation optimization
Completed speculation optimization (accepts:0)
Completed mux speculation (accepts: 0, rejects: 0, runtime: 0.322s)

Stage: post_muxopt
------------------------------------------------------
| Transform       | Accepts | Rejects | Runtime (ms) | 
------------------------------------------------------
| hlo_speculation |       0 |       0 |       322.00 | 
------------------------------------------------------
==================================
Stage : to_generic 
==================================
  =================
   Message Summary
  =================
--------------------------------------------------------------------------------
|    Id    |  Sev   |Count |                   Message Text                    |
--------------------------------------------------------------------------------
| CDFG-250 |Info    |    4 |Processing multi-dimensional arrays.               |
| CDFG-372 |Info    |   17 |Bitwidth mismatch in assignment.                   |
|          |        |      |Review and make sure the mismatch is               |
|          |        |      | unintentional. Genus can possibly issue bitwidth  |
|          |        |      | mismatch warning for explicit assignments present |
|          |        |      | in RTL as-well-as for implicit assignments        |
|          |        |      | inferred by the tool. For example, in case of     |
|          |        |      | enum declaration without value, the tool will     |
|          |        |      | implicitly assign value to the enum variables. It |
|          |        |      | also issues the warning for any bitwidth mismatch |
|          |        |      | that appears in this implicit assignment.         |
| CWD-19   |Info    |  184 |An implementation was inferred.                    |
| DPOPT-1  |Info    |    1 |Optimizing datapath logic.                         |
| DPOPT-2  |Info    |    1 |Done optimizing datapath logic.                    |
| DPOPT-3  |Info    |    4 |Implementing datapath configurations.              |
| DPOPT-4  |Info    |    4 |Done implementing datapath configurations.         |
| DPOPT-6  |Info    |    1 |Pre-processed datapath logic.                      |
| DPOPT-10 |Info    |   16 |Optimized a mux chain.                             |
| ELAB-1   |Info    |    1 |Elaborating Design.                                |
| ELAB-2   |Info    |    4 |Elaborating Subdesign.                             |
| ELAB-3   |Info    |    1 |Done Elaborating Design.                           |
| LBR-9    |Warning |   16 |Library cell has no output pins defined.           |
|          |        |      |Add the missing output pin(s)                      |
|          |        |      | , then reload the library. Else the library cell  |
|          |        |      | will be marked as timing model i.e. unusable.     |
|          |        |      | Timing_model means that the cell does not have    |
|          |        |      | any defined function. If there is no output pin,  |
|          |        |      | Genus will mark library cell as unusable i.e. the |
|          |        |      | attribute 'usable' will be marked to 'false' on   |
|          |        |      | the libcell. Therefore, the cell is not used for  |
|          |        |      | mapping and it will not be picked up from the     |
|          |        |      | library for synthesis. If you query the attribute |
|          |        |      | 'unusable_reason' on the libcell; result will be: |
|          |        |      | 'Library cell has no output pins.'Note: The       |
|          |        |      | message LBR-9 is only for the logical pins and    |
|          |        |      | not for the power_ground pins. Genus will depend  |
|          |        |      | upon the output function defined in the pin group |
|          |        |      | (output pin)                                      |
|          |        |      | of the cell, to use it for mapping. The pg_pin    |
|          |        |      | will not have any function defined.               |
| LBR-40   |Info    |    3 |An unsupported construct was detected in this      |
|          |        |      | library.                                          |
|          |        |      |Check to see if this construct is really needed    |
|          |        |      | for synthesis. Many liberty constructs are not    |
|          |        |      | actually required.                                |
| LBR-81   |Warning |   11 |Non-monotonic wireload model found.                |
|          |        |      |Non-monotonic wireload models can cause problems   |
|          |        |      | during synthesis and/or mapping.  Raising some of |
|          |        |      | the points in the curve to give it a monotonic    |
|          |        |      | shape.                                            |
| LBR-155  |Info    |    1 |Mismatch in unateness between 'timing_sense'       |
|          |        |      | attribute and the function.                       |
|          |        |      |The 'timing_sense' attribute will be respected.    |
| LBR-162  |Info    |   15 |Both 'pos_unate' and 'neg_unate' timing_sense arcs |
|          |        |      | have been processed.                              |
|          |        |      |Setting the 'timing_sense' to non_unate.           |
| LBR-412  |Info    |    1 |Created nominal operating condition.               |
|          |        |      |The nominal operating condition is represented,    |
|          |        |      | either by the nominal PVT values specified in the |
|          |        |      | library source                                    |
|          |        |      | (via nom_process,nom_voltage and nom_temperature  |
|          |        |      | respectively)                                     |
|          |        |      | , or by the default PVT values (1.0,1.0,1.0).     |
| PHYS-752 |Info    |    1 |Partition Based Synthesis execution skipped.       |
| SYNTH-1  |Info    |    1 |Synthesizing.                                      |
| TIM-1000 |Info    |    1 |Multimode clock gating check is disabled.          |
--------------------------------------------------------------------------------
Mapper: Libraries have:
	domain _default_: 96 combo usable cells and 20 sequential usable cells
Multi-threaded constant propagation [1|0] ...
Warning : Preserved net is not renamed during ungroup. [TUI-75]
        : Net: 'n_586'.
        : For the preserved net, ungroup prefix string is used only during name conflict.
Warning : Preserved net is not renamed during ungroup. [TUI-75]
        : Net: 'n_587'.
Warning : Preserved net is not renamed during ungroup. [TUI-75]
        : Net: 'n_588'.
Warning : Preserved net is not renamed during ungroup. [TUI-75]
        : Net: 'n_589'.
Warning : Preserved net is not renamed during ungroup. [TUI-75]
        : Net: 'n_590'.
Warning : Preserved net is not renamed during ungroup. [TUI-75]
        : Net: 'n_591'.
Warning : Preserved net is not renamed during ungroup. [TUI-75]
        : Net: 'n_592'.
Warning : Preserved net is not renamed during ungroup. [TUI-75]
        : Net: 'n_593'.
Warning : Preserved net is not renamed during ungroup. [TUI-75]
        : Net: 'n_594'.
Warning : Preserved net is not renamed during ungroup. [TUI-75]
        : Net: 'n_595'.
Warning : Preserved net is not renamed during ungroup. [TUI-75]
        : Net: 'n_596'.
Warning : Preserved net is not renamed during ungroup. [TUI-75]
        : Net: 'n_597'.
Warning : Preserved net is not renamed during ungroup. [TUI-75]
        : Net: 'n_598'.
Warning : Preserved net is not renamed during ungroup. [TUI-75]
        : Net: 'n_599'.
Warning : Preserved net is not renamed during ungroup. [TUI-75]
        : Net: 'n_600'.
Warning : Preserved net is not renamed during ungroup. [TUI-75]
        : Net: 'n_601'.
Warning : Preserved net is not renamed during ungroup. [TUI-75]
        : Net: 'n_602'.
Warning : Preserved net is not renamed during ungroup. [TUI-75]
        : Net: 'n_603'.
Warning : Preserved net is not renamed during ungroup. [TUI-75]
        : Net: 'n_604'.
Warning : Preserved net is not renamed during ungroup. [TUI-75]
        : Net: 'n_605'.
Warning : Maximum message print count reached. [MESG-11]
        : Maximum print count of '20' reached for message 'TUI-75'.
Multi-threaded Virtual Mapping    (8 threads per ST process, 8 of 128 CPUs usable)
==================================
Stage : first_condense 
==================================
  =================
   Message Summary
  =================
--------------------------------------------------------------------------------
|   Id   |  Sev   |Count |                    Message Text                     |
--------------------------------------------------------------------------------
| GLO-51 |Info    |    4 |Hierarchical instance automatically ungrouped.       |
|        |        |      |Hierarchical instances can be automatically          |
|        |        |      | ungrouped to allow for better area or timing        |
|        |        |      | optimization. To prevent this ungroup, set the      |
|        |        |      | root-level attribute 'auto_ungroup' to 'none'. You  |
|        |        |      | can also prevent individual ungroup with setting    |
|        |        |      | the attribute 'ungroup_ok' of instances or modules  |
|        |        |      | to 'false'.                                         |
| TUI-75 |Warning |   84 |Preserved net is not renamed during ungroup.         |
|        |        |      |For the preserved net, ungroup prefix string is used |
|        |        |      | only during name conflict.                          |
--------------------------------------------------------------------------------
 
Global mapping target info
==========================
Cost Group 'clk' target slack:  -505 ps
Target path end-point (Pin: bq0_reg_reg[14]/d)


State Retention Synthesis Status
================================

Category                        Flops   Percentage
--------------------------------------------------
Total instances                   196        100.0
Excluded from State Retention     196        100.0
    - Will not convert            196        100.0
      - Preserved                   0          0.0
      - Power intent excluded     196        100.0
    - Could not convert             0          0.0
      - Scan type                   0          0.0
      - No suitable cell            0          0.0
State Retention instances           0          0.0
--------------------------------------------------

PBS_Generic_Opt-Post - Elapsed_Time 112, CPU_Time 112.022597
stamp 'PBS_Generic_Opt-Post' being created for table 'pbs_debug'

  Total Time (Wall) |  Stage Time (Wall)  |   % (Wall)   |    Date - Time     |  Memory   | Stage
--------------------+---------------------+--------------+--------------------+-----------+----------------------
 00:00:11(00:00:07) |  00:00:00(00:00:00) |   0.0(  0.0) |   15:59:50 (Sep29) |  469.5 MB | PBS_Generic-Start
--------------------+---------------------+--------------+--------------------+-----------+----------------------
 00:02:03(00:01:59) |  00:01:52(00:01:52) | 100.0(100.0) |   16:01:42 (Sep29) |   1.10 GB | PBS_Generic_Opt-Post
--------------------+---------------------+--------------+--------------------+-----------+----------------------
Number of threads: 8 * 1   (id: pbs_debug, time_info v1.57)
Info: (*N*) indicates data that was populated from previously saved time_info database
Info: CPU time includes time of parent + longest thread
PBS_Generic-Postgen HBO Optimizations - Elapsed_Time 0, CPU_Time 1.0
stamp 'PBS_Generic-Postgen HBO Optimizations' being created for table 'pbs_debug'

  Total Time (Wall) |  Stage Time (Wall)  |   % (Wall)   |    Date - Time     |  Memory   | Stage
--------------------+---------------------+--------------+--------------------+-----------+----------------------
 00:00:11(00:00:07) |  00:00:00(00:00:00) |   0.0(  0.0) |   15:59:50 (Sep29) |  469.5 MB | PBS_Generic-Start
--------------------+---------------------+--------------+--------------------+-----------+----------------------
 00:02:03(00:01:59) |  00:01:52(00:01:52) |  99.1(100.0) |   16:01:42 (Sep29) |   1.10 GB | PBS_Generic_Opt-Post
--------------------+---------------------+--------------+--------------------+-----------+----------------------
 00:02:04(00:01:59) |  00:00:01(00:00:00) |   0.9(  0.0) |   16:01:42 (Sep29) |   1.10 GB | PBS_Generic-Postgen HBO Optimizations
--------------------+---------------------+--------------+--------------------+-----------+----------------------
Number of threads: 8 * 1   (id: pbs_debug, time_info v1.57)
Info: (*N*) indicates data that was populated from previously saved time_info database
Info: CPU time includes time of parent + longest thread
##>=================== Cadence Confidential (Generic-Logical) ===================
##>=================== Cadence Confidential (Generic-Logical) ===================
##>Main Thread Summary:
##>----------------------------------------------------------------------------------------
##>STEP                           Elapsed       WNS       TNS     Insts      Area    Memory
##>----------------------------------------------------------------------------------------
##>G:Initial                            0         -         -     34172     53446       469
##>G:Setup                              0         -         -         -         -         -
##>G:Launch ST                          0         -         -         -         -         -
##>G:Design Partition                   0         -         -         -         -         -
##>G:Create Partition Netlists          0         -         -         -         -         -
##>G:Init Power                         0         -         -         -         -         -
##>G:Budgeting                          0         -         -         -         -         -
##>G:Derenv-DB                          0         -         -         -         -         -
##>G:Debug Outputs                      0         -         -         -         -         -
##>G:ST loading                         0         -         -         -         -         -
##>G:Distributed                        0         -         -         -         -         -
##>G:Timer                              0         -         -         -         -         -
##>G:Assembly                           0         -         -         -         -         -
##>G:DFT                                0         -         -         -         -         -
##>G:Const Prop                         0         -         -     15790     25941      1098
##>G:Misc                             112
##>----------------------------------------------------------------------------------------
##>Total Elapsed                      112
##>========================================================================================
Info    : Done synthesizing. [SYNTH-2]
        : Done synthesizing 'cascade_biquad_PIPELINE1' to generic gates.
      flow.cputime  flow.realtime  timing.setup.tns  timing.setup.wns  snapshot
UM:*                                                                   syn_gen
@file(syn.tcl) 17: syn_map
##Generic Timing Info for library domain: _default_ typical gate delay: 104.3 ps std_slew: 4.4 ps std_load: 4.1 fF
Info    : Mapping. [SYNTH-4]
        : Mapping 'cascade_biquad_PIPELINE1' using 'high' effort.
Mapper: Libraries have:
	domain _default_: 96 combo usable cells and 20 sequential usable cells
Configuring mapper costing (none)
TNS Restructuring config: no_value at stage: map applied.
PBS_TechMap-Start - Elapsed_Time 0, CPU_Time 0.0
stamp 'PBS_TechMap-Start' being created for table 'pbs_debug'

  Total Time (Wall) |  Stage Time (Wall)  |   % (Wall)   |    Date - Time     |  Memory   | Stage
--------------------+---------------------+--------------+--------------------+-----------+----------------------
 00:00:11(00:00:07) |  00:00:00(00:00:00) |   0.0(  0.0) |   15:59:50 (Sep29) |  469.5 MB | PBS_Generic-Start
--------------------+---------------------+--------------+--------------------+-----------+----------------------
 00:02:03(00:01:59) |  00:01:52(00:01:52) |  99.1( 99.1) |   16:01:42 (Sep29) |   1.10 GB | PBS_Generic_Opt-Post
--------------------+---------------------+--------------+--------------------+-----------+----------------------
 00:02:04(00:01:59) |  00:00:01(00:00:00) |   0.9(  0.0) |   16:01:42 (Sep29) |   1.10 GB | PBS_Generic-Postgen HBO Optimizations
--------------------+---------------------+--------------+--------------------+-----------+----------------------
 00:02:04(00:02:00) |  00:00:00(00:00:01) |   0.0(  0.9) |   16:01:43 (Sep29) |   1.10 GB | PBS_TechMap-Start
--------------------+---------------------+--------------+--------------------+-----------+----------------------
Number of threads: 8 * 1   (id: pbs_debug, time_info v1.57)
Info: (*N*) indicates data that was populated from previously saved time_info database
Info: CPU time includes time of parent + longest thread
PBS_TechMap-Premap HBO Optimizations - Elapsed_Time 0, CPU_Time 0.0
stamp 'PBS_TechMap-Premap HBO Optimizations' being created for table 'pbs_debug'

  Total Time (Wall) |  Stage Time (Wall)  |   % (Wall)   |    Date - Time     |  Memory   | Stage
--------------------+---------------------+--------------+--------------------+-----------+----------------------
 00:00:11(00:00:07) |  00:00:00(00:00:00) |   0.0(  0.0) |   15:59:50 (Sep29) |  469.5 MB | PBS_Generic-Start
--------------------+---------------------+--------------+--------------------+-----------+----------------------
 00:02:03(00:01:59) |  00:01:52(00:01:52) |  99.1( 99.1) |   16:01:42 (Sep29) |   1.10 GB | PBS_Generic_Opt-Post
--------------------+---------------------+--------------+--------------------+-----------+----------------------
 00:02:04(00:01:59) |  00:00:01(00:00:00) |   0.9(  0.0) |   16:01:42 (Sep29) |   1.10 GB | PBS_Generic-Postgen HBO Optimizations
--------------------+---------------------+--------------+--------------------+-----------+----------------------
 00:02:04(00:02:00) |  00:00:00(00:00:01) |   0.0(  0.9) |   16:01:43 (Sep29) |   1.10 GB | PBS_TechMap-Start
--------------------+---------------------+--------------+--------------------+-----------+----------------------
 00:02:04(00:02:00) |  00:00:00(00:00:00) |   0.0(  0.0) |   16:01:43 (Sep29) |   1.10 GB | PBS_TechMap-Premap HBO Optimizations
--------------------+---------------------+--------------+--------------------+-----------+----------------------
Number of threads: 8 * 1   (id: pbs_debug, time_info v1.57)
Info: (*N*) indicates data that was populated from previously saved time_info database
Info: CPU time includes time of parent + longest thread
Info    : Partition Based Synthesis execution skipped. [PHYS-752]
        : Design size is less than the partition size '100000' for distributed mapping optimization to kick in.
Mapper: Libraries have:
	domain _default_: 96 combo usable cells and 20 sequential usable cells
Multi-threaded Virtual Mapping    (8 threads per ST process, 8 of 128 CPUs usable)
 
Global mapping target info
==========================
Cost Group 'clk' target slack:  -529 ps
Target path end-point (Pin: bq0_reg_reg[14]/d)

Multi-threaded Technology Mapping (8 threads per ST process, 8 of 128 CPUs usable)
 
Global mapping status
=====================
                                   Group   
                                  Tot Wrst 
                           Total  Weighted 
Operation                   Area   Slacks  
 global_map                 9592     -633 
            Worst cost_group: clk, WNS: -633.0
            Path: in_sample[4] --> bq0_reg_reg[14]/D

    Cost Group            Target    Slack    Diff.  Constr.
-----------------------------------------------------------
           clk              -529     -633      -4%     2000 

 
Global incremental target info
==============================
Cost Group 'clk' target slack:  -603 ps
Target path end-point (Pin: bq0_reg_reg[14]/D (DFF_X2/D))

==================================
Stage : global_incr_map 
==================================
  =================
   Message Summary
  =================
-------------------------------------------------------------------------
|    Id    |Sev  |Count |                 Message Text                  |
-------------------------------------------------------------------------
| PA-7     |Info |   40 |Resetting power analysis results.              |
|          |     |      |All computed switching activities are removed. |
| PHYS-752 |Info |    1 |Partition Based Synthesis execution skipped.   |
| SYNTH-2  |Info |    1 |Done synthesizing.                             |
| SYNTH-4  |Info |    1 |Mapping.                                       |
-------------------------------------------------------------------------
 
Global incremental optimization status
======================================
                                   Group   
                                  Tot Wrst 
                           Total  Weighted 
Operation                   Area   Slacks  
 global_incr                9309     -605 
            Worst cost_group: clk, WNS: -605.3
            Path: in_sample[6] --> bq0_reg_reg[12]/D

    Cost Group            Target    Slack    Diff.  Constr.
-----------------------------------------------------------
           clk              -603     -605      +0%     2000 


State Retention Synthesis Status
================================

Category                        Flops   Percentage
--------------------------------------------------
Total instances                   196        100.0
Excluded from State Retention     196        100.0
    - Will not convert            196        100.0
      - Preserved                   0          0.0
      - Power intent excluded     196        100.0
    - Could not convert             0          0.0
      - Scan type                   0          0.0
      - No suitable cell            0          0.0
State Retention instances           0          0.0
--------------------------------------------------

INFO: skipping constant propagation
PBS_Techmap-Global Mapping - Elapsed_Time 51, CPU_Time 51.50381100000003
stamp 'PBS_Techmap-Global Mapping' being created for table 'pbs_debug'

  Total Time (Wall) |  Stage Time (Wall)  |   % (Wall)   |    Date - Time     |  Memory   | Stage
--------------------+---------------------+--------------+--------------------+-----------+----------------------
 00:00:11(00:00:07) |  00:00:00(00:00:00) |   0.0(  0.0) |   15:59:50 (Sep29) |  469.5 MB | PBS_Generic-Start
--------------------+---------------------+--------------+--------------------+-----------+----------------------
 00:02:03(00:01:59) |  00:01:52(00:01:52) |  68.1( 68.3) |   16:01:42 (Sep29) |   1.10 GB | PBS_Generic_Opt-Post
--------------------+---------------------+--------------+--------------------+-----------+----------------------
 00:02:04(00:01:59) |  00:00:01(00:00:00) |   0.6(  0.0) |   16:01:42 (Sep29) |   1.10 GB | PBS_Generic-Postgen HBO Optimizations
--------------------+---------------------+--------------+--------------------+-----------+----------------------
 00:02:04(00:02:00) |  00:00:00(00:00:01) |   0.0(  0.6) |   16:01:43 (Sep29) |   1.10 GB | PBS_TechMap-Start
--------------------+---------------------+--------------+--------------------+-----------+----------------------
 00:02:04(00:02:00) |  00:00:00(00:00:00) |   0.0(  0.0) |   16:01:43 (Sep29) |   1.10 GB | PBS_TechMap-Premap HBO Optimizations
--------------------+---------------------+--------------+--------------------+-----------+----------------------
 00:02:55(00:02:51) |  00:00:51(00:00:51) |  31.3( 31.1) |   16:02:34 (Sep29) |   1.10 GB | PBS_Techmap-Global Mapping
--------------------+---------------------+--------------+--------------------+-----------+----------------------
Number of threads: 8 * 1   (id: pbs_debug, time_info v1.57)
Info: (*N*) indicates data that was populated from previously saved time_info database
Info: CPU time includes time of parent + longest thread
Info    : Wrote formal verification information. [CFM-5]
        : Wrote 'fv/cascade_biquad_PIPELINE1/fv_map.fv.json' for netlist 'fv/cascade_biquad_PIPELINE1/fv_map.v.gz'.
Info    : Existing dofile found. Copied as fv/cascade_biquad_PIPELINE1/rtl_to_fv_map.do~.
Info    : Wrote dofile. [CFM-1]
        : Dofile is 'fv/cascade_biquad_PIPELINE1/rtl_to_fv_map.do'.
        : Alias mapping flow is enabled.
PBS_TechMap-Datapath Postmap Operations - Elapsed_Time 2, CPU_Time 1.9532110000000102
stamp 'PBS_TechMap-Datapath Postmap Operations' being created for table 'pbs_debug'

  Total Time (Wall) |  Stage Time (Wall)  |   % (Wall)   |    Date - Time     |  Memory   | Stage
--------------------+---------------------+--------------+--------------------+-----------+----------------------
 00:00:11(00:00:07) |  00:00:00(00:00:00) |   0.0(  0.0) |   15:59:50 (Sep29) |  469.5 MB | PBS_Generic-Start
--------------------+---------------------+--------------+--------------------+-----------+----------------------
 00:02:03(00:01:59) |  00:01:52(00:01:52) |  67.3( 67.5) |   16:01:42 (Sep29) |   1.10 GB | PBS_Generic_Opt-Post
--------------------+---------------------+--------------+--------------------+-----------+----------------------
 00:02:04(00:01:59) |  00:00:01(00:00:00) |   0.6(  0.0) |   16:01:42 (Sep29) |   1.10 GB | PBS_Generic-Postgen HBO Optimizations
--------------------+---------------------+--------------+--------------------+-----------+----------------------
 00:02:04(00:02:00) |  00:00:00(00:00:01) |   0.0(  0.6) |   16:01:43 (Sep29) |   1.10 GB | PBS_TechMap-Start
--------------------+---------------------+--------------+--------------------+-----------+----------------------
 00:02:04(00:02:00) |  00:00:00(00:00:00) |   0.0(  0.0) |   16:01:43 (Sep29) |   1.10 GB | PBS_TechMap-Premap HBO Optimizations
--------------------+---------------------+--------------+--------------------+-----------+----------------------
 00:02:55(00:02:51) |  00:00:51(00:00:51) |  30.9( 30.7) |   16:02:34 (Sep29) |   1.10 GB | PBS_Techmap-Global Mapping
--------------------+---------------------+--------------+--------------------+-----------+----------------------
 00:02:57(00:02:53) |  00:00:01(00:00:02) |   1.2(  1.2) |   16:02:36 (Sep29) |   1.10 GB | PBS_TechMap-Datapath Postmap Operations
--------------------+---------------------+--------------+--------------------+-----------+----------------------
Number of threads: 8 * 1   (id: pbs_debug, time_info v1.57)
Info: (*N*) indicates data that was populated from previously saved time_info database
Info: CPU time includes time of parent + longest thread
PBS_TechMap-Postmap HBO Optimizations - Elapsed_Time 0, CPU_Time 0.9430270000000007
stamp 'PBS_TechMap-Postmap HBO Optimizations' being created for table 'pbs_debug'

  Total Time (Wall) |  Stage Time (Wall)  |   % (Wall)   |    Date - Time     |  Memory   | Stage
--------------------+---------------------+--------------+--------------------+-----------+----------------------
 00:00:11(00:00:07) |  00:00:00(00:00:00) |   0.0(  0.0) |   15:59:50 (Sep29) |  469.5 MB | PBS_Generic-Start
--------------------+---------------------+--------------+--------------------+-----------+----------------------
 00:02:03(00:01:59) |  00:01:52(00:01:52) |  66.9( 67.5) |   16:01:42 (Sep29) |   1.10 GB | PBS_Generic_Opt-Post
--------------------+---------------------+--------------+--------------------+-----------+----------------------
 00:02:04(00:01:59) |  00:00:01(00:00:00) |   0.6(  0.0) |   16:01:42 (Sep29) |   1.10 GB | PBS_Generic-Postgen HBO Optimizations
--------------------+---------------------+--------------+--------------------+-----------+----------------------
 00:02:04(00:02:00) |  00:00:00(00:00:01) |   0.0(  0.6) |   16:01:43 (Sep29) |   1.10 GB | PBS_TechMap-Start
--------------------+---------------------+--------------+--------------------+-----------+----------------------
 00:02:04(00:02:00) |  00:00:00(00:00:00) |   0.0(  0.0) |   16:01:43 (Sep29) |   1.10 GB | PBS_TechMap-Premap HBO Optimizations
--------------------+---------------------+--------------+--------------------+-----------+----------------------
 00:02:55(00:02:51) |  00:00:51(00:00:51) |  30.8( 30.7) |   16:02:34 (Sep29) |   1.10 GB | PBS_Techmap-Global Mapping
--------------------+---------------------+--------------+--------------------+-----------+----------------------
 00:02:57(00:02:53) |  00:00:01(00:00:02) |   1.2(  1.2) |   16:02:36 (Sep29) |   1.10 GB | PBS_TechMap-Datapath Postmap Operations
--------------------+---------------------+--------------+--------------------+-----------+----------------------
 00:02:58(00:02:53) |  00:00:00(00:00:00) |   0.6(  0.0) |   16:02:36 (Sep29) |   1.10 GB | PBS_TechMap-Postmap HBO Optimizations
--------------------+---------------------+--------------+--------------------+-----------+----------------------
Number of threads: 8 * 1   (id: pbs_debug, time_info v1.57)
Info: (*N*) indicates data that was populated from previously saved time_info database
Info: CPU time includes time of parent + longest thread
 Doing ConstProp on design:cascade_biquad_PIPELINE1 ... 

Time taken by ConstProp Step: 00:00:01
PBS_TechMap-Postmap Clock Gating - Elapsed_Time 1, CPU_Time 0.0
stamp 'PBS_TechMap-Postmap Clock Gating' being created for table 'pbs_debug'

  Total Time (Wall) |  Stage Time (Wall)  |   % (Wall)   |    Date - Time     |  Memory   | Stage
--------------------+---------------------+--------------+--------------------+-----------+----------------------
 00:00:11(00:00:07) |  00:00:00(00:00:00) |   0.0(  0.0) |   15:59:50 (Sep29) |  469.5 MB | PBS_Generic-Start
--------------------+---------------------+--------------+--------------------+-----------+----------------------
 00:02:03(00:01:59) |  00:01:52(00:01:52) |  66.9( 67.1) |   16:01:42 (Sep29) |   1.10 GB | PBS_Generic_Opt-Post
--------------------+---------------------+--------------+--------------------+-----------+----------------------
 00:02:04(00:01:59) |  00:00:01(00:00:00) |   0.6(  0.0) |   16:01:42 (Sep29) |   1.10 GB | PBS_Generic-Postgen HBO Optimizations
--------------------+---------------------+--------------+--------------------+-----------+----------------------
 00:02:04(00:02:00) |  00:00:00(00:00:01) |   0.0(  0.6) |   16:01:43 (Sep29) |   1.10 GB | PBS_TechMap-Start
--------------------+---------------------+--------------+--------------------+-----------+----------------------
 00:02:04(00:02:00) |  00:00:00(00:00:00) |   0.0(  0.0) |   16:01:43 (Sep29) |   1.10 GB | PBS_TechMap-Premap HBO Optimizations
--------------------+---------------------+--------------+--------------------+-----------+----------------------
 00:02:55(00:02:51) |  00:00:51(00:00:51) |  30.8( 30.5) |   16:02:34 (Sep29) |   1.10 GB | PBS_Techmap-Global Mapping
--------------------+---------------------+--------------+--------------------+-----------+----------------------
 00:02:57(00:02:53) |  00:00:01(00:00:02) |   1.2(  1.2) |   16:02:36 (Sep29) |   1.10 GB | PBS_TechMap-Datapath Postmap Operations
--------------------+---------------------+--------------+--------------------+-----------+----------------------
 00:02:58(00:02:53) |  00:00:00(00:00:00) |   0.6(  0.0) |   16:02:36 (Sep29) |   1.10 GB | PBS_TechMap-Postmap HBO Optimizations
--------------------+---------------------+--------------+--------------------+-----------+----------------------
 00:02:58(00:02:54) |  00:00:00(00:00:01) |   0.0(  0.6) |   16:02:37 (Sep29) |   1.10 GB | PBS_TechMap-Postmap Clock Gating
--------------------+---------------------+--------------+--------------------+-----------+----------------------
Number of threads: 8 * 1   (id: pbs_debug, time_info v1.57)
Info: (*N*) indicates data that was populated from previously saved time_info database
Info: CPU time includes time of parent + longest thread
-------------------------------------------------------------------------------
 hi_fo_buf                  9308     -605    -13396         0        0
            Worst cost_group: clk, WNS: -605.3
            Path: in_sample[6] --> bq0_reg_reg[12]/D

           Trick     Calls     Accepts   Attempts    Time(secs) 
-----------------------------------------------------------
       hi_fo_buf         0  (        0 /        0 )  0.00

 
Incremental optimization status
===============================
                                   Group   
                                  Tot Wrst     Total - - DRC Totals - -
                           Total  Weighted      Neg      Max       Max 
Operation                   Area   Slacks      Slack    Trans      Cap 
 init_delay                 9308     -605    -13396         0        0
            Worst cost_group: clk, WNS: -605.3
            Path: in_sample[6] --> bq0_reg_reg[12]/D
 incr_delay                 9340     -549    -12571         0        0
            Worst cost_group: clk, WNS: -549.0
            Path: in_sample[0] --> bq0_reg_reg[12]/D
 incr_delay                 9352     -529    -12286         0        0
            Worst cost_group: clk, WNS: -529.9
            Path: in_sample[0] --> bq0_reg_reg[12]/D
 incr_delay                 9352     -529    -12285         0        0
            Worst cost_group: clk, WNS: -529.5
            Path: in_sample[0] --> bq0_reg_reg[12]/D

           Trick     Calls     Accepts   Attempts    Time(secs) 
-----------------------------------------------------------
       crit_upsz       206  (       26 /       27 )  0.23
    plc_bal_star         0  (        0 /        0 )  0.00
     drc_buftimb         0  (        0 /        0 )  0.00
          plc_st       145  (        0 /        0 )  0.00
    plc_st_fence       145  (        0 /        0 )  0.00
        plc_star       145  (        0 /        0 )  0.00
      plc_laf_st       145  (        0 /        0 )  0.00
 plc_laf_st_fence       145  (        0 /        0 )  0.00
     drc_buftims         0  (        0 /        0 )  0.00
            fopt       190  (       17 /       18 )  0.18
   plc_laf_lo_st       144  (        0 /        0 )  0.00
       plc_lo_st       144  (        0 /        0 )  0.00
        mb_split       144  (        0 /        0 )  0.00

 
Local TNS optimization status
=============================
                                   Group   
                                  Tot Wrst     Total - - DRC Totals - -
                           Total  Weighted      Neg      Max       Max 
Operation                   Area   Slacks      Slack    Trans      Cap 
 init_tns                   9352     -529    -12285         0        0
            Worst cost_group: clk, WNS: -529.5
            Path: in_sample[0] --> bq0_reg_reg[12]/D
 incr_tns                   9359     -523    -10285         0        0
            Worst cost_group: clk, WNS: -523.1
            Path: in_sample[0] --> bq0_reg_reg[12]/D
 incr_tns                   9359     -523    -10285         0        0
            Worst cost_group: clk, WNS: -523.1
            Path: in_sample[0] --> bq0_reg_reg[12]/D

           Trick     Calls     Accepts   Attempts    Time(secs) 
-----------------------------------------------------------
    plc_bal_star         0  (        0 /        0 )  0.00
     drc_buftimb         0  (        0 /        0 )  0.00
     drc_buftims         0  (        0 /        0 )  0.00
       crit_upsz       336  (       15 /       45 )  0.34
   plc_laf_lo_st       321  (        0 /        0 )  0.00
       plc_lo_st       321  (        0 /        0 )  0.00
            fopt       321  (        0 /        0 )  0.01
       crit_dnsz       152  (       21 /       70 )  0.28
             dup       300  (        5 /        9 )  0.04
        setup_dn       295  (        0 /        0 )  0.00
        mb_split       295  (        0 /        0 )  0.00

PBS_TechMap-Postmap Cleanup - Elapsed_Time 1, CPU_Time 1.9332880000000046
stamp 'PBS_TechMap-Postmap Cleanup' being created for table 'pbs_debug'

  Total Time (Wall) |  Stage Time (Wall)  |   % (Wall)   |    Date - Time     |  Memory   | Stage
--------------------+---------------------+--------------+--------------------+-----------+----------------------
 00:00:11(00:00:07) |  00:00:00(00:00:00) |   0.0(  0.0) |   15:59:50 (Sep29) |  469.5 MB | PBS_Generic-Start
--------------------+---------------------+--------------+--------------------+-----------+----------------------
 00:02:03(00:01:59) |  00:01:52(00:01:52) |  66.1( 66.7) |   16:01:42 (Sep29) |   1.10 GB | PBS_Generic_Opt-Post
--------------------+---------------------+--------------+--------------------+-----------+----------------------
 00:02:04(00:01:59) |  00:00:01(00:00:00) |   0.6(  0.0) |   16:01:42 (Sep29) |   1.10 GB | PBS_Generic-Postgen HBO Optimizations
--------------------+---------------------+--------------+--------------------+-----------+----------------------
 00:02:04(00:02:00) |  00:00:00(00:00:01) |   0.0(  0.6) |   16:01:43 (Sep29) |   1.10 GB | PBS_TechMap-Start
--------------------+---------------------+--------------+--------------------+-----------+----------------------
 00:02:04(00:02:00) |  00:00:00(00:00:00) |   0.0(  0.0) |   16:01:43 (Sep29) |   1.10 GB | PBS_TechMap-Premap HBO Optimizations
--------------------+---------------------+--------------+--------------------+-----------+----------------------
 00:02:55(00:02:51) |  00:00:51(00:00:51) |  30.4( 30.4) |   16:02:34 (Sep29) |   1.10 GB | PBS_Techmap-Global Mapping
--------------------+---------------------+--------------+--------------------+-----------+----------------------
 00:02:57(00:02:53) |  00:00:01(00:00:02) |   1.2(  1.2) |   16:02:36 (Sep29) |   1.10 GB | PBS_TechMap-Datapath Postmap Operations
--------------------+---------------------+--------------+--------------------+-----------+----------------------
 00:02:58(00:02:53) |  00:00:00(00:00:00) |   0.6(  0.0) |   16:02:36 (Sep29) |   1.10 GB | PBS_TechMap-Postmap HBO Optimizations
--------------------+---------------------+--------------+--------------------+-----------+----------------------
 00:02:58(00:02:54) |  00:00:00(00:00:01) |   0.0(  0.6) |   16:02:37 (Sep29) |   1.10 GB | PBS_TechMap-Postmap Clock Gating
--------------------+---------------------+--------------+--------------------+-----------+----------------------
 00:03:00(00:02:55) |  00:00:01(00:00:01) |   1.1(  0.6) |   16:02:38 (Sep29) |   1.10 GB | PBS_TechMap-Postmap Cleanup
--------------------+---------------------+--------------+--------------------+-----------+----------------------
Number of threads: 8 * 1   (id: pbs_debug, time_info v1.57)
Info: (*N*) indicates data that was populated from previously saved time_info database
Info: CPU time includes time of parent + longest thread
PBS_Techmap-Post_MBCI - Elapsed_Time 0, CPU_Time 0.0
stamp 'PBS_Techmap-Post_MBCI' being created for table 'pbs_debug'

  Total Time (Wall) |  Stage Time (Wall)  |   % (Wall)   |    Date - Time     |  Memory   | Stage
--------------------+---------------------+--------------+--------------------+-----------+----------------------
 00:00:11(00:00:07) |  00:00:00(00:00:00) |   0.0(  0.0) |   15:59:50 (Sep29) |  469.5 MB | PBS_Generic-Start
--------------------+---------------------+--------------+--------------------+-----------+----------------------
 00:02:03(00:01:59) |  00:01:52(00:01:52) |  66.1( 66.7) |   16:01:42 (Sep29) |   1.10 GB | PBS_Generic_Opt-Post
--------------------+---------------------+--------------+--------------------+-----------+----------------------
 00:02:04(00:01:59) |  00:00:01(00:00:00) |   0.6(  0.0) |   16:01:42 (Sep29) |   1.10 GB | PBS_Generic-Postgen HBO Optimizations
--------------------+---------------------+--------------+--------------------+-----------+----------------------
 00:02:04(00:02:00) |  00:00:00(00:00:01) |   0.0(  0.6) |   16:01:43 (Sep29) |   1.10 GB | PBS_TechMap-Start
--------------------+---------------------+--------------+--------------------+-----------+----------------------
 00:02:04(00:02:00) |  00:00:00(00:00:00) |   0.0(  0.0) |   16:01:43 (Sep29) |   1.10 GB | PBS_TechMap-Premap HBO Optimizations
--------------------+---------------------+--------------+--------------------+-----------+----------------------
 00:02:55(00:02:51) |  00:00:51(00:00:51) |  30.4( 30.4) |   16:02:34 (Sep29) |   1.10 GB | PBS_Techmap-Global Mapping
--------------------+---------------------+--------------+--------------------+-----------+----------------------
 00:02:57(00:02:53) |  00:00:01(00:00:02) |   1.2(  1.2) |   16:02:36 (Sep29) |   1.10 GB | PBS_TechMap-Datapath Postmap Operations
--------------------+---------------------+--------------+--------------------+-----------+----------------------
 00:02:58(00:02:53) |  00:00:00(00:00:00) |   0.6(  0.0) |   16:02:36 (Sep29) |   1.10 GB | PBS_TechMap-Postmap HBO Optimizations
--------------------+---------------------+--------------+--------------------+-----------+----------------------
 00:02:58(00:02:54) |  00:00:00(00:00:01) |   0.0(  0.6) |   16:02:37 (Sep29) |   1.10 GB | PBS_TechMap-Postmap Clock Gating
--------------------+---------------------+--------------+--------------------+-----------+----------------------
 00:03:00(00:02:55) |  00:00:01(00:00:01) |   1.1(  0.6) |   16:02:38 (Sep29) |   1.10 GB | PBS_TechMap-Postmap Cleanup
--------------------+---------------------+--------------+--------------------+-----------+----------------------
 00:03:00(00:02:55) |  00:00:00(00:00:00) |   0.0(  0.0) |   16:02:38 (Sep29) |   1.10 GB | PBS_Techmap-Post_MBCI
--------------------+---------------------+--------------+--------------------+-----------+----------------------
Number of threads: 8 * 1   (id: pbs_debug, time_info v1.57)
Info: (*N*) indicates data that was populated from previously saved time_info database
Info: CPU time includes time of parent + longest thread
##>=================== Cadence Confidential (Mapping-Logical) ===================
##>Main Thread Summary:
##>----------------------------------------------------------------------------------------
##>STEP                           Elapsed       WNS       TNS     Insts      Area    Memory
##>----------------------------------------------------------------------------------------
##>M:Initial                            0         -         -     15790     25941      1098
##>M:Pre Cleanup                        0         -         -     15790     25941      1098
##>M:Setup                              0         -         -         -         -         -
##>M:Launch ST                          0         -         -         -         -         -
##>M:Design Partition                   0         -         -         -         -         -
##>M:Create Partition Netlists          0         -         -         -         -         -
##>M:Init Power                         0         -         -         -         -         -
##>M:Budgeting                          0         -         -         -         -         -
##>M:Derenv-DB                          0         -         -         -         -         -
##>M:Debug Outputs                      0         -         -         -         -         -
##>M:ST loading                         0         -         -         -         -         -
##>M:Distributed                        0         -         -         -         -         -
##>M:Timer                              0         -         -         -         -         -
##>M:Assembly                           0         -         -         -         -         -
##>M:DFT                                0         -         -         -         -         -
##>M:DP Operations                      2         -         -      5421      9309      1095
##>M:Const Prop                         0      -605     13396      5421      9309      1095
##>M:Cleanup                            1      -523     10285      5475      9359      1095
##>M:MBCI                               0         -         -      5475      9359      1095
##>M:Const Gate Removal                 0         -         -         -         -         -
##>M:Misc                              52
##>----------------------------------------------------------------------------------------
##>Total Elapsed                       55
##>========================================================================================
Info    : Done mapping. [SYNTH-5]
        : Done mapping 'cascade_biquad_PIPELINE1'.
      flow.cputime  flow.realtime  timing.setup.tns  timing.setup.wns  snapshot
UM:*                                                                   syn_map
@file(syn.tcl) 18: syn_opt
Info    : Incrementally optimizing. [SYNTH-7]
        : Incrementally optimizing 'cascade_biquad_PIPELINE1' using 'high' effort.
 
Incremental optimization status
===============================
                                   Group   
                                  Tot Wrst     Total - - DRC Totals - -
                           Total  Weighted      Neg      Max       Max 
Operation                   Area   Slacks      Slack    Trans      Cap 
 init_iopt                  9359     -523    -10285         0        0
            Worst cost_group: clk, WNS: -523.1
            Path: in_sample[0] --> bq0_reg_reg[12]/D
-------------------------------------------------------------------------------
 const_prop                 9359     -523    -10285         0        0
            Worst cost_group: clk, WNS: -523.1
            Path: in_sample[0] --> bq0_reg_reg[12]/D
 simp_cc_inputs             9358     -523    -10285         0        0
            Worst cost_group: clk, WNS: -523.1
            Path: in_sample[0] --> bq0_reg_reg[12]/D
-------------------------------------------------------------------------------
 hi_fo_buf                  9358     -523    -10285         0        0
            Worst cost_group: clk, WNS: -523.1
            Path: in_sample[0] --> bq0_reg_reg[12]/D

           Trick     Calls     Accepts   Attempts    Time(secs) 
-----------------------------------------------------------
       hi_fo_buf         0  (        0 /        0 )  0.00

 
Incremental optimization status
===============================
                                   Group   
                                  Tot Wrst     Total - - DRC Totals - -
                           Total  Weighted      Neg      Max       Max 
Operation                   Area   Slacks      Slack    Trans      Cap 
 init_delay                 9358     -523    -10285         0        0
            Worst cost_group: clk, WNS: -523.1
            Path: in_sample[0] --> bq0_reg_reg[12]/D
 incr_delay                 9378     -497    -10027         0        0
            Worst cost_group: clk, WNS: -497.8
            Path: in_sample[1] --> bq0_reg_reg[0]/D
 incr_delay                 9388     -480     -9746         0        0
            Worst cost_group: clk, WNS: -480.0
            Path: in_sample[1] --> bq0_reg_reg[0]/D
 incr_delay                 9388     -474     -9654         0        0
            Worst cost_group: clk, WNS: -474.3
            Path: in_sample[1] --> bq0_reg_reg[0]/D
 incr_delay                 9394     -464     -9502         0        0
            Worst cost_group: clk, WNS: -464.6
            Path: in_sample[1] --> bq0_reg_reg[0]/D
 incr_delay                 9398     -463     -9474         0        0
            Worst cost_group: clk, WNS: -463.1
            Path: in_sample[0] --> bq0_reg_reg[0]/D
 incr_delay                 9400     -461     -9445         0        0
            Worst cost_group: clk, WNS: -461.2
            Path: in_sample[0] --> bq0_reg_reg[0]/D

           Trick     Calls     Accepts   Attempts    Time(secs) 
-----------------------------------------------------------
        crit_msz       363  (       20 /       56 )  0.91
       crit_upsz       339  (        9 /       14 )  0.30
       crit_slew       283  (        0 /        1 )  0.21
        setup_dn       283  (        0 /        0 )  0.00
    plc_bal_star         0  (        0 /        0 )  0.00
     drc_buftimb         0  (        0 /        0 )  0.00
          plc_st       283  (        0 /        0 )  0.00
    plc_st_fence       283  (        0 /        0 )  0.00
        plc_star       283  (        0 /        0 )  0.00
      plc_laf_st       283  (        0 /        0 )  0.00
 plc_laf_st_fence       283  (        0 /        0 )  0.00
     drc_buftims         0  (        0 /        0 )  0.00
   plc_laf_lo_st       283  (        0 /        0 )  0.00
       plc_lo_st       283  (        0 /        0 )  0.00
            fopt       283  (        0 /        0 )  0.01
       crit_swap       283  (        0 /        2 )  0.11
       mux2_swap       283  (        0 /        0 )  0.00
       crit_dnsz       150  (        5 /        7 )  0.16
       load_swap       273  (        0 /        0 )  0.06
            fopt       289  (        4 /        5 )  0.19
        setup_dn       278  (        0 /        0 )  0.00
       load_isol       339  (       34 /       46 )  1.33
       load_isol       274  (        0 /        2 )  0.21
        move_for       310  (        4 /        7 )  0.19
        move_for       283  (        1 /        2 )  0.02
          rem_bi       276  (        0 /        0 )  0.00
         offload       276  (        0 /        0 )  0.00
          rem_bi       276  (        0 /        7 )  0.10
         offload       310  (        2 /        6 )  0.08
           phase       286  (        0 /        0 )  0.00
        in_phase       286  (        0 /        0 )  0.00
       merge_bit       304  (        1 /        8 )  0.08
     merge_idrvr       286  (        0 /        0 )  0.00
     merge_iload       286  (        0 /        0 )  0.00
    merge_idload       286  (        0 /        0 )  0.00
      merge_drvr       286  (        0 /        1 )  0.02
      merge_load       286  (        0 /        1 )  0.02
          decomp       286  (        0 /        2 )  0.70
        p_decomp       286  (        0 /        0 )  0.33
        levelize       319  (        3 /        7 )  0.07
        mb_split       302  (        0 /        0 )  0.00
             dup       317  (        3 /        3 )  0.04
      mux_retime       282  (        0 /        0 )  0.00
         buf2inv       282  (        0 /        0 )  0.00
             exp        52  (        0 /       37 )  0.57
       gate_deco       141  (        0 /        9 )  0.67
       gcomp_tim       110  (        4 /       17 )  0.47
  inv_pair_2_buf       303  (        0 /        0 )  0.00

 incr_delay                 9491     -442     -9123         0        0
            Worst cost_group: clk, WNS: -442.5
            Path: in_sample[3] --> bq0_reg_reg[12]/D
 incr_delay                 9543     -417     -8732         0        0
            Worst cost_group: clk, WNS: -417.4
            Path: in_sample[3] --> bq0_reg_reg[1]/D
 incr_delay                 9572     -403     -8508         0        0
            Worst cost_group: clk, WNS: -403.7
            Path: in_sample[3] --> bq0_reg_reg[1]/D
 incr_delay                 9624     -365     -7904         0        0
            Worst cost_group: clk, WNS: -365.6
            Path: in_sample[1] --> bq0_reg_reg[1]/D
 incr_delay                 9640     -357     -7774         0        0
            Worst cost_group: clk, WNS: -357.5
            Path: in_sample[7] --> bq0_reg_reg[1]/D
 incr_delay                 9670     -344     -7566         0        0
            Worst cost_group: clk, WNS: -344.4
            Path: in_sample[1] --> bq0_reg_reg[1]/D
 incr_delay                 9695     -330     -7346         0        0
            Worst cost_group: clk, WNS: -330.6
            Path: in_sample[3] --> bq0_reg_reg[1]/D
 incr_delay                 9705     -330     -7339         0        0
            Worst cost_group: clk, WNS: -330.1
            Path: in_sample[3] --> bq0_reg_reg[1]/D
 incr_delay                 9725     -322     -7240         0        0
            Worst cost_group: clk, WNS: -322.8
            Path: in_sample[1] --> bq0_reg_reg[12]/D
 incr_delay                 9724     -322     -7238         0        0
            Worst cost_group: clk, WNS: -322.7
            Path: in_sample[1] --> bq0_reg_reg[12]/D
 incr_delay                 9736     -318     -7166         0        0
            Worst cost_group: clk, WNS: -318.1
            Path: in_sample[1] --> bq0_reg_reg[1]/D
 incr_delay                 9741     -317     -7151         0        0
            Worst cost_group: clk, WNS: -317.3
            Path: in_sample[3] --> bq0_reg_reg[1]/D
 incr_delay                 9744     -312     -7075         0        0
            Worst cost_group: clk, WNS: -312.5
            Path: in_sample[3] --> bq0_reg_reg[1]/D
 incr_delay                 9756     -310     -7037         0        0
            Worst cost_group: clk, WNS: -310.1
            Path: in_sample[5] --> bq0_reg_reg[1]/D
 incr_delay                 9773     -298     -6811         0        0
            Worst cost_group: clk, WNS: -298.6
            Path: in_sample[1] --> bq0_reg_reg[12]/D
 incr_delay                 9785     -293     -6715         0        0
            Worst cost_group: clk, WNS: -293.3
            Path: in_sample[1] --> bq0_reg_reg[13]/D
 incr_delay                 9785     -277     -6522         0        0
            Worst cost_group: clk, WNS: -277.1
            Path: in_sample[1] --> bq0_reg_reg[13]/D
 incr_delay                 9786     -276     -6517         0        0
            Worst cost_group: clk, WNS: -276.7
            Path: in_sample[1] --> bq0_reg_reg[13]/D
 incr_delay                 9787     -273     -6470         0        0
            Worst cost_group: clk, WNS: -273.8
            Path: in_sample[1] --> bq0_reg_reg[13]/D
 incr_delay                 9788     -272     -6444         0        0
            Worst cost_group: clk, WNS: -272.2
            Path: in_sample[3] --> bq0_reg_reg[13]/D
 incr_delay                 9794     -267     -6366         0        0
            Worst cost_group: clk, WNS: -267.5
            Path: in_sample[0] --> bq0_reg_reg[13]/D
 incr_delay                 9794     -264     -6327         0        0
            Worst cost_group: clk, WNS: -264.9
            Path: in_sample[0] --> bq0_reg_reg[13]/D
 incr_delay                 9795     -260     -6255         0        0
            Worst cost_group: clk, WNS: -260.4
            Path: in_sample[3] --> bq0_reg_reg[13]/D
 incr_delay                 9795     -258     -6221         0        0
            Worst cost_group: clk, WNS: -258.3
            Path: in_sample[0] --> bq0_reg_reg[13]/D
 incr_delay                 9795     -258     -6216         0        0
            Worst cost_group: clk, WNS: -258.0
            Path: in_sample[3] --> bq0_reg_reg[13]/D
 incr_delay                 9803     -256     -6196         0        0
            Worst cost_group: clk, WNS: -256.8
            Path: in_sample[4] --> bq0_reg_reg[13]/D
 incr_delay                 9827     -247     -6051         0        0
            Worst cost_group: clk, WNS: -247.1
            Path: in_sample[0] --> bq0_reg_reg[1]/D
 incr_delay                 9827     -246     -6036         0        0
            Worst cost_group: clk, WNS: -246.2
            Path: in_sample[0] --> bq0_reg_reg[1]/D
 incr_delay                 9827     -246     -6032         0        0
            Worst cost_group: clk, WNS: -246.0
            Path: in_sample[3] --> bq0_reg_reg[1]/D
 incr_delay                 9836     -242     -5992         0        0
            Worst cost_group: clk, WNS: -242.2
            Path: in_sample[4] --> bq0_reg_reg[1]/D
 incr_delay                 9840     -238     -5935         0        0
            Worst cost_group: clk, WNS: -238.6
            Path: in_sample[4] --> bq0_reg_reg[1]/D
 incr_delay                 9845     -231     -5830         0        0
            Worst cost_group: clk, WNS: -231.7
            Path: in_sample[3] --> bq0_reg_reg[10]/D
 incr_delay                 9856     -228     -5788         0        0
            Worst cost_group: clk, WNS: -228.7
            Path: in_sample[3] --> bq0_reg_reg[1]/D
 incr_delay                 9855     -228     -5788         0        0
            Worst cost_group: clk, WNS: -228.7
            Path: in_sample[3] --> bq0_reg_reg[1]/D
 incr_delay                 9855     -228     -5785         0        0
            Worst cost_group: clk, WNS: -228.5
            Path: in_sample[3] --> bq0_reg_reg[1]/D
 incr_delay                 9855     -228     -5782         0        0
            Worst cost_group: clk, WNS: -228.3
            Path: in_sample[3] --> bq0_reg_reg[1]/D
 incr_delay                 9854     -228     -5776         0        0
            Worst cost_group: clk, WNS: -228.0
            Path: in_sample[3] --> bq0_reg_reg[1]/D
 incr_delay                 9855     -227     -5770         0        0
            Worst cost_group: clk, WNS: -227.6
            Path: in_sample[3] --> bq0_reg_reg[1]/D
 incr_delay                 9853     -227     -5770         0        0
            Worst cost_group: clk, WNS: -227.6
            Path: in_sample[3] --> bq0_reg_reg[1]/D
 incr_delay                 9856     -223     -5707         0        0
            Worst cost_group: clk, WNS: -223.6
            Path: in_sample[3] --> bq0_reg_reg[1]/D
 incr_delay                 9856     -223     -5707         0        0
            Worst cost_group: clk, WNS: -223.6
            Path: in_sample[3] --> bq0_reg_reg[1]/D
 incr_delay                 9856     -223     -5707         0        0
            Worst cost_group: clk, WNS: -223.6
            Path: in_sample[3] --> bq0_reg_reg[1]/D
 incr_delay                 9857     -223     -5700         0        0
            Worst cost_group: clk, WNS: -223.2
            Path: in_sample[3] --> bq0_reg_reg[1]/D
 incr_delay                 9858     -222     -5694         0        0
            Worst cost_group: clk, WNS: -222.8
            Path: in_sample[3] --> bq0_reg_reg[1]/D
 incr_delay                 9869     -220     -5657         0        0
            Worst cost_group: clk, WNS: -220.6
            Path: in_sample[3] --> bq0_reg_reg[1]/D
 incr_delay                 9870     -220     -5656         0        0
            Worst cost_group: clk, WNS: -220.4
            Path: in_sample[3] --> bq0_reg_reg[1]/D
 incr_delay                 9876     -213     -5533         0        0
            Worst cost_group: clk, WNS: -213.2
            Path: in_sample[3] --> bq0_reg_reg[4]/D
 incr_delay                 9874     -208     -5469         0        0
            Worst cost_group: clk, WNS: -208.7
            Path: in_sample[3] --> bq0_reg_reg[1]/D
 incr_delay                 9874     -208     -5462         0        0
            Worst cost_group: clk, WNS: -208.6
            Path: in_sample[3] --> bq0_reg_reg[11]/D
 incr_delay                 9876     -206     -5422         0        0
            Worst cost_group: clk, WNS: -206.0
            Path: in_sample[3] --> bq0_reg_reg[11]/D

           Trick     Calls     Accepts   Attempts    Time(secs) 
-----------------------------------------------------------
         crr_220       193  (       43 /      193 )  67.24
        crr_glob       417  (       15 /       43 )  1.33
         crr_200       340  (      110 /      335 )  9.88
        crr_glob       878  (       63 /      110 )  1.13
         crr_300       195  (       52 /      194 )  10.13
        crr_glob       428  (       16 /       52 )  0.74
         crr_400       135  (       31 /      132 )  10.33
        crr_glob       361  (        4 /       31 )  0.56
         crr_111       427  (      122 /      422 )  48.17
        crr_glob       951  (       67 /      122 )  2.27
         crr_210       273  (       77 /      273 )  32.88
        crr_glob       669  (       33 /       77 )  1.32
         crr_110       458  (      152 /      452 )  23.56
        crr_glob      1124  (       75 /      152 )  1.83
         crr_101       485  (      158 /      458 )  16.29
        crr_glob      1095  (       86 /      158 )  1.74
         crr_201       175  (       34 /      175 )  10.22
        crr_glob       316  (        6 /       34 )  0.65
         crr_211       186  (       29 /      186 )  38.95
        crr_glob       343  (        6 /       29 )  0.95
        crit_msz       410  (       36 /       60 )  1.10
       crit_upsz       446  (       17 /       25 )  0.49
       crit_slew       371  (        4 /       14 )  0.34
        setup_dn       746  (       18 /       18 )  0.12
    plc_bal_star         0  (        0 /        0 )  0.00
     drc_buftimb         0  (        0 /        0 )  0.00
          plc_st       349  (        0 /        0 )  0.00
    plc_st_fence       349  (        0 /        0 )  0.00
        plc_star       349  (        0 /        0 )  0.00
      plc_laf_st       349  (        0 /        0 )  0.00
 plc_laf_st_fence       349  (        0 /        0 )  0.00
     drc_buftims         0  (        0 /        0 )  0.00
       plc_lo_st       349  (        0 /        0 )  0.00
            fopt       803  (       21 /       22 )  0.44
       crit_swap       349  (        0 /        0 )  0.13
       mux2_swap       349  (        0 /        0 )  0.01
       crit_dnsz       178  (        3 /       11 )  0.20
       load_swap       344  (        0 /        2 )  0.09
            fopt       803  (       21 /       22 )  0.44
        setup_dn       746  (       18 /       18 )  0.12
       load_isol       904  (       43 /       67 )  2.34
       load_isol       904  (       43 /       67 )  2.34
        move_for       752  (        1 /        2 )  0.17
        move_for       752  (        1 /        2 )  0.17
          rem_bi       812  (        4 /       21 )  0.25
         offload       751  (        0 /        6 )  0.14
          rem_bi       812  (        4 /       21 )  0.25
         offload       751  (        0 /        6 )  0.14
       merge_bit       391  (        1 /       20 )  0.22
     merge_idrvr       367  (        0 /        0 )  0.00
     merge_iload       367  (        0 /        0 )  0.00
    merge_idload       367  (        0 /        0 )  0.00
      merge_drvr       367  (        0 /        0 )  0.03
      merge_load       367  (        0 /        0 )  0.03
           phase       367  (        0 /        0 )  0.00
          decomp       373  (        2 /        4 )  0.99
        p_decomp       350  (        0 /        0 )  0.41
        levelize       370  (        1 /       19 )  0.20
        mb_split       361  (        0 /        0 )  0.00
        in_phase       361  (        0 /        0 )  0.00
             dup       374  (        1 /        1 )  0.03
      mux_retime       365  (        0 /        6 )  0.02
         buf2inv       365  (        0 /        0 )  0.00
             exp       119  (        2 /      112 )  1.59
       gate_deco       229  (        0 /        9 )  1.01
       gcomp_tim       337  (       11 /       44 )  1.39
  inv_pair_2_buf       363  (        0 /        0 )  0.00
 init_drc                   9876     -206     -5422         0        0
            Worst cost_group: clk, WNS: -206.0
            Path: in_sample[3] --> bq0_reg_reg[11]/D

           Trick     Calls     Accepts   Attempts    Time(secs) 
-----------------------------------------------------------
          plc_st         0  (        0 /        0 )  0.00
        plc_star         0  (        0 /        0 )  0.00
        drc_bufs         0  (        0 /        0 )  0.00
        drc_fopt         0  (        0 /        0 )  0.00
        drc_bufb         0  (        0 /        0 )  0.00
      simple_buf         0  (        0 /        0 )  0.00
             dup         0  (        0 /        0 )  0.00
       crit_dnsz         0  (        0 /        0 )  0.00
       crit_upsz         0  (        0 /        0 )  0.00
       crit_slew         0  (        0 /        0 )  0.00


           Trick     Calls     Accepts   Attempts    Time(secs) 
-----------------------------------------------------------
          plc_st         0  (        0 /        0 )  0.00
        plc_star         0  (        0 /        0 )  0.00
      drc_buf_sp         0  (        0 /        0 )  0.00
        drc_bufs         0  (        0 /        0 )  0.00
        drc_fopt         0  (        0 /        0 )  0.00
        drc_bufb         0  (        0 /        0 )  0.00
      simple_buf         0  (        0 /        0 )  0.00
             dup         0  (        0 /        0 )  0.00
       crit_dnsz         0  (        0 /        0 )  0.00
       crit_upsz         0  (        0 /        0 )  0.00


           Trick     Calls     Accepts   Attempts    Time(secs) 
-----------------------------------------------------------
          plc_st         0  (        0 /        0 )  0.00
        plc_star         0  (        0 /        0 )  0.00
      drc_buf_sp         0  (        0 /        0 )  0.00
        drc_bufs         0  (        0 /        0 )  0.00
        drc_fopt         0  (        0 /        0 )  0.00
        drc_bufb         0  (        0 /        0 )  0.00
             dup         0  (        0 /        0 )  0.00
       crit_dnsz         0  (        0 /        0 )  0.00
       crit_upsz         0  (        0 /        0 )  0.00

 init_tns                   9876     -206     -5422         0        0
            Worst cost_group: clk, WNS: -206.0
            Path: in_sample[3] --> bq0_reg_reg[11]/D
 incr_tns                   9912     -203     -3234         0        0
            Worst cost_group: clk, WNS: -203.3
            Path: in_sample[3] --> bq0_reg_reg[11]/D
 incr_tns                   9912     -203     -3234         0        0
            Worst cost_group: clk, WNS: -203.3
            Path: in_sample[3] --> bq0_reg_reg[11]/D

           Trick     Calls     Accepts   Attempts    Time(secs) 
-----------------------------------------------------------
            fopt       322  (        1 /        2 )  0.04
    plc_bal_star         0  (        0 /        0 )  0.00
     drc_buftimb         0  (        0 /        0 )  0.00
     drc_buftims         0  (        0 /        0 )  0.00
        crit_msz       321  (       22 /       63 )  0.84
       crit_upsz       299  (        3 /       24 )  0.32
   plc_laf_lo_st       296  (        0 /        0 )  0.00
       plc_lo_st       296  (        0 /        0 )  0.00
       crit_swap       296  (        1 /       18 )  0.20
       mux2_swap       295  (        0 /        0 )  0.03
       crit_dnsz       140  (        7 /       47 )  0.21
       load_swap       288  (        0 /       30 )  0.11
            fopt       288  (        8 /       21 )  0.21
        setup_dn       280  (        0 /        1 )  0.00
       load_isol       280  (        9 /       39 )  1.00
       load_isol       271  (        0 /        2 )  0.14
        move_for       271  (        0 /        3 )  0.07
        move_for       271  (        0 /        1 )  0.03
          rem_bi       271  (        0 /        0 )  0.00
         offload       271  (        0 /        0 )  0.00
          rem_bi       271  (        6 /       11 )  0.12
         offload       265  (        0 /        5 )  0.09
       merge_bit       270  (        0 /        2 )  0.03
     merge_idrvr       265  (        0 /        0 )  0.00
     merge_iload       265  (        0 /        0 )  0.00
    merge_idload       265  (        0 /        0 )  0.00
      merge_drvr       265  (        0 /        0 )  0.01
      merge_load       265  (        0 /        1 )  0.03
           phase       265  (        0 /        0 )  0.00
          decomp       265  (        0 /        0 )  0.77
        p_decomp       265  (        0 /        0 )  0.41
        levelize       265  (        0 /        0 )  0.01
        mb_split       265  (        0 /        0 )  0.00
             dup       265  (        0 /        4 )  0.07
      mux_retime       265  (        0 /        1 )  0.00
       crr_local       265  (       16 /       95 )  11.18
         buf2inv       249  (        0 /        0 )  0.00

 init_area                  9912     -203     -3234         0        0
            Worst cost_group: clk, WNS: -203.3
            Path: in_sample[3] --> bq0_reg_reg[11]/D
 undup                      9882     -203     -3234         0        0
            Worst cost_group: clk, WNS: -203.3
            Path: in_sample[3] --> bq0_reg_reg[11]/D
 rem_buf                    9829     -203     -3234         0        0
            Worst cost_group: clk, WNS: -203.3
            Path: in_sample[3] --> bq0_reg_reg[11]/D
 rem_inv                    9793     -203     -3234         0        0
            Worst cost_group: clk, WNS: -203.3
            Path: in_sample[3] --> bq0_reg_reg[11]/D
 merge_bi                   9758     -203     -3200         0        0
            Worst cost_group: clk, WNS: -203.3
            Path: in_sample[3] --> bq0_reg_reg[11]/D
 merge_bi                   9758     -203     -3200         0        0
            Worst cost_group: clk, WNS: -203.3
            Path: in_sample[3] --> bq0_reg_reg[11]/D
 rem_inv_qb                 9686     -203     -3198         0        0
            Worst cost_group: clk, WNS: -203.3
            Path: in_sample[3] --> bq0_reg_reg[11]/D
 io_phase                   9651     -203     -3198         0        0
            Worst cost_group: clk, WNS: -203.3
            Path: in_sample[3] --> bq0_reg_reg[11]/D
 gate_comp                  9638     -203     -3198         0        0
            Worst cost_group: clk, WNS: -203.3
            Path: in_sample[3] --> bq0_reg_reg[11]/D
 gcomp_mog                  9637     -203     -3198         0        0
            Worst cost_group: clk, WNS: -203.3
            Path: in_sample[3] --> bq0_reg_reg[11]/D
 glob_area                  9589     -203     -3188         0        0
            Worst cost_group: clk, WNS: -203.3
            Path: in_sample[3] --> bq0_reg_reg[11]/D
 area_down                  9583     -203     -3188         0        0
            Worst cost_group: clk, WNS: -203.3
            Path: in_sample[3] --> bq0_reg_reg[11]/D
 rem_buf                    9571     -203     -3188         0        0
            Worst cost_group: clk, WNS: -203.3
            Path: in_sample[3] --> bq0_reg_reg[11]/D
 rem_inv                    9570     -203     -3188         0        0
            Worst cost_group: clk, WNS: -203.3
            Path: in_sample[3] --> bq0_reg_reg[11]/D
 rem_inv_qb                 9567     -203     -3188         0        0
            Worst cost_group: clk, WNS: -203.3
            Path: in_sample[3] --> bq0_reg_reg[11]/D

           Trick     Calls     Accepts   Attempts    Time(secs) 
-----------------------------------------------------------
           undup        35  (       28 /       32 )  0.15
         rem_buf       184  (       58 /       81 )  0.42
         rem_inv       130  (       57 /       73 )  0.31
        merge_bi       146  (       66 /       90 )  0.48
      rem_inv_qb       166  (        3 /        3 )  0.23
    seq_res_area         7  (        0 /        2 )  1.20
        io_phase       157  (       71 /       78 )  0.34
       gate_comp       375  (       15 /       27 )  1.39
       gcomp_mog        36  (        2 /        5 )  0.59
       glob_area        73  (       50 /       73 )  0.29
       area_down        37  (       11 /       17 )  0.31
      size_n_buf         2  (        0 /        0 )  0.07
  gate_deco_area         0  (        0 /        0 )  0.02
         rem_buf       125  (       15 /       36 )  0.28
         rem_inv        50  (        2 /       13 )  0.12
        merge_bi        64  (        0 /       24 )  0.26
      rem_inv_qb        45  (        1 /        1 )  0.06

 
Incremental optimization status
===============================
                                   Group   
                                  Tot Wrst     Total - - DRC Totals - -
                           Total  Weighted      Neg      Max       Max 
Operation                   Area   Slacks      Slack    Trans      Cap 
 init_delay                 9567     -203     -3188         0        0
            Worst cost_group: clk, WNS: -203.3
            Path: in_sample[3] --> bq0_reg_reg[11]/D
 incr_delay                 9567     -203     -3188         0        0
            Worst cost_group: clk, WNS: -203.2
            Path: in_sample[3] --> bq0_reg_reg[11]/D
 incr_delay                 9570     -202     -3179         0        0
            Worst cost_group: clk, WNS: -202.0
            Path: in_sample[4] --> bq0_reg_reg[11]/D
 incr_delay                 9571     -201     -3179         0        0
            Worst cost_group: clk, WNS: -201.9
            Path: in_sample[4] --> bq0_reg_reg[11]/D
 incr_delay                 9575     -201     -3173         0        0
            Worst cost_group: clk, WNS: -201.3
            Path: in_sample[3] --> bq0_reg_reg[1]/D
 incr_delay                 9575     -200     -3157         0        0
            Worst cost_group: clk, WNS: -200.4
            Path: in_sample[4] --> bq0_reg_reg[1]/D
 incr_delay                 9584     -198     -3134         0        0
            Worst cost_group: clk, WNS: -198.9
            Path: in_sample[4] --> bq0_reg_reg[1]/D
 incr_delay                 9582     -198     -3122         0        0
            Worst cost_group: clk, WNS: -198.1
            Path: in_sample[4] --> bq0_reg_reg[1]/D
 incr_delay                 9586     -196     -3097         0        0
            Worst cost_group: clk, WNS: -196.6
            Path: in_sample[3] --> bq0_reg_reg[11]/D
 incr_delay                 9587     -196     -3096         0        0
            Worst cost_group: clk, WNS: -196.5
            Path: in_sample[4] --> bq0_reg_reg[1]/D
 incr_delay                 9600     -195     -3072         0        0
            Worst cost_group: clk, WNS: -195.0
            Path: in_sample[4] --> bq0_reg_reg[1]/D
 incr_delay                 9600     -195     -3072         0        0
            Worst cost_group: clk, WNS: -195.0
            Path: in_sample[4] --> bq0_reg_reg[1]/D
 incr_delay                 9604     -194     -3062         0        0
            Worst cost_group: clk, WNS: -194.4
            Path: in_sample[4] --> bq0_reg_reg[1]/D
 incr_delay                 9605     -194     -3054         0        0
            Worst cost_group: clk, WNS: -194.1
            Path: in_sample[1] --> bq0_reg_reg[6]/D

           Trick     Calls     Accepts   Attempts    Time(secs) 
-----------------------------------------------------------
         crr_220        59  (        8 /       59 )  23.39
        crr_glob       101  (        1 /        8 )  0.40
         crr_200        64  (       14 /       64 )  1.69
        crr_glob       116  (        2 /       14 )  0.19
         crr_300        57  (       15 /       57 )  2.84
        crr_glob       132  (        5 /       15 )  0.18
         crr_400        35  (        1 /       35 )  2.57
        crr_glob        94  (        0 /        1 )  0.07
         crr_111       120  (       16 /      120 )  13.86
        crr_glob       155  (        8 /       16 )  0.42
         crr_210        58  (       13 /       58 )  6.61
        crr_glob       103  (        3 /       13 )  0.25
         crr_110       116  (       24 /      116 )  5.39
        crr_glob       137  (        5 /       24 )  0.36
         crr_101       160  (       31 /      152 )  5.38
        crr_glob       223  (       11 /       31 )  0.44
         crr_201        79  (        9 /       79 )  5.65
        crr_glob       158  (        4 /        9 )  0.23
         crr_211        53  (        5 /       53 )  13.99
        crr_glob        96  (        0 /        5 )  0.22
        crit_msz       162  (        6 /       30 )  0.50
       crit_upsz       228  (       10 /       13 )  0.27
       crit_slew       122  (        0 /        3 )  0.11
        setup_dn       267  (        0 /        0 )  0.00
    plc_bal_star         0  (        0 /        0 )  0.00
     drc_buftimb         0  (        0 /        0 )  0.00
          plc_st       122  (        0 /        0 )  0.00
    plc_st_fence       122  (        0 /        0 )  0.00
        plc_star       122  (        0 /        0 )  0.00
      plc_laf_st       122  (        0 /        0 )  0.00
 plc_laf_st_fence       122  (        0 /        0 )  0.00
     drc_buftims         0  (        0 /        0 )  0.00
       plc_lo_st       122  (        0 /        0 )  0.00
            fopt       279  (        1 /        1 )  0.10
       crit_swap       122  (        0 /        0 )  0.05
       mux2_swap       122  (        0 /        0 )  0.00
       crit_dnsz        78  (        1 /        3 )  0.09
       load_swap       123  (        0 /        1 )  0.04
            fopt       279  (        1 /        1 )  0.10
        setup_dn       267  (        0 /        0 )  0.00
       load_isol       277  (        4 /        9 )  0.64
       load_isol       277  (        4 /        9 )  0.64
        move_for       244  (        1 /        1 )  0.05
        move_for       244  (        1 /        1 )  0.05
          rem_bi       228  (        0 /        1 )  0.01
         offload       228  (        0 /        0 )  0.00
          rem_bi       228  (        0 /        1 )  0.01
         offload       228  (        0 /        0 )  0.00
       merge_bit       118  (        0 /        3 )  0.03
     merge_idrvr       114  (        0 /        0 )  0.00
     merge_iload       114  (        0 /        0 )  0.00
    merge_idload       114  (        0 /        0 )  0.00
      merge_drvr       114  (        0 /        3 )  0.05
      merge_load       114  (        0 /        3 )  0.05
           phase       114  (        0 /        0 )  0.00
          decomp       114  (        0 /        0 )  0.31
        p_decomp       114  (        0 /        0 )  0.13
        levelize       114  (        0 /        6 )  0.06
        mb_split       114  (        0 /        0 )  0.00
        in_phase       114  (        0 /        0 )  0.00
             dup       114  (        0 /        0 )  0.00
      mux_retime       114  (        0 /        1 )  0.00
         buf2inv       114  (        0 /        0 )  0.00
             exp        25  (        0 /       23 )  0.32
       gate_deco        78  (        0 /        2 )  0.33
       gcomp_tim        35  (        0 /        0 )  0.12
  inv_pair_2_buf       114  (        0 /        0 )  0.00
 init_drc                   9605     -194     -3054         0        0
            Worst cost_group: clk, WNS: -194.1
            Path: in_sample[1] --> bq0_reg_reg[6]/D

           Trick     Calls     Accepts   Attempts    Time(secs) 
-----------------------------------------------------------
          plc_st         0  (        0 /        0 )  0.00
        plc_star         0  (        0 /        0 )  0.00
        drc_bufs         0  (        0 /        0 )  0.00
        drc_fopt         0  (        0 /        0 )  0.00
        drc_bufb         0  (        0 /        0 )  0.00
      simple_buf         0  (        0 /        0 )  0.00
             dup         0  (        0 /        0 )  0.00
       crit_dnsz         0  (        0 /        0 )  0.00
       crit_upsz         0  (        0 /        0 )  0.00
       crit_slew         0  (        0 /        0 )  0.00


           Trick     Calls     Accepts   Attempts    Time(secs) 
-----------------------------------------------------------
          plc_st         0  (        0 /        0 )  0.00
        plc_star         0  (        0 /        0 )  0.00
        drc_bufs         0  (        0 /        0 )  0.00
        drc_fopt         0  (        0 /        0 )  0.00
        drc_bufb         0  (        0 /        0 )  0.00
      simple_buf         0  (        0 /        0 )  0.00
             dup         0  (        0 /        0 )  0.00
       crit_dnsz         0  (        0 /        0 )  0.00
       crit_upsz         0  (        0 /        0 )  0.00


           Trick     Calls     Accepts   Attempts    Time(secs) 
-----------------------------------------------------------
          plc_st         0  (        0 /        0 )  0.00
        plc_star         0  (        0 /        0 )  0.00
        drc_bufs         0  (        0 /        0 )  0.00
        drc_fopt         0  (        0 /        0 )  0.00
        drc_bufb         0  (        0 /        0 )  0.00
             dup         0  (        0 /        0 )  0.00
       crit_dnsz         0  (        0 /        0 )  0.00
       crit_upsz         0  (        0 /        0 )  0.00

 init_tns                   9605     -194     -3054         0        0
            Worst cost_group: clk, WNS: -194.1
            Path: in_sample[1] --> bq0_reg_reg[6]/D
 incr_tns                   9625     -193     -3001         0        0
            Worst cost_group: clk, WNS: -193.7
            Path: in_sample[4] --> bq0_reg_reg[1]/D
 incr_tns                   9625     -193     -3001         0        0
            Worst cost_group: clk, WNS: -193.7
            Path: in_sample[4] --> bq0_reg_reg[1]/D

           Trick     Calls     Accepts   Attempts    Time(secs) 
-----------------------------------------------------------
            fopt        98  (        0 /        1 )  0.02
    plc_bal_star         0  (        0 /        0 )  0.00
     drc_buftimb         0  (        0 /        0 )  0.00
     drc_buftims         0  (        0 /        0 )  0.00
        crit_msz        98  (        3 /       10 )  0.24
       crit_upsz        95  (        1 /        5 )  0.11
   plc_laf_lo_st        94  (        0 /        0 )  0.00
       plc_lo_st        94  (        0 /        0 )  0.00
       crit_swap        94  (        0 /        3 )  0.05
       mux2_swap        94  (        1 /        2 )  0.03
       crit_dnsz        53  (        6 /       16 )  0.09
       load_swap        87  (        0 /       10 )  0.04
            fopt        87  (        2 /        7 )  0.12
        setup_dn        85  (        0 /        0 )  0.00
       load_isol        85  (        1 /       17 )  0.30
       load_isol        84  (        0 /        2 )  0.06
        move_for        84  (        0 /        0 )  0.00
        move_for        84  (        0 /        0 )  0.00
          rem_bi        84  (        0 /        0 )  0.00
         offload        84  (        0 /        0 )  0.00
          rem_bi        84  (        0 /        0 )  0.01
         offload        84  (        0 /        0 )  0.00
       merge_bit        89  (        0 /        1 )  0.02
     merge_idrvr        84  (        0 /        0 )  0.00
     merge_iload        84  (        0 /        0 )  0.00
    merge_idload        84  (        0 /        0 )  0.00
      merge_drvr        84  (        0 /        0 )  0.02
      merge_load        84  (        0 /        0 )  0.01
           phase        84  (        0 /        0 )  0.00
          decomp        84  (        0 /        0 )  0.27
        p_decomp        84  (        0 /        0 )  0.08
        levelize        84  (        0 /        1 )  0.02
        mb_split        84  (        0 /        0 )  0.00
             dup        84  (        0 /        1 )  0.02
      mux_retime        84  (        0 /        0 )  0.00
       crr_local        84  (        3 /       33 )  3.72
         buf2inv        81  (        0 /        0 )  0.00

 init_area                  9625     -193     -3001         0        0
            Worst cost_group: clk, WNS: -193.7
            Path: in_sample[4] --> bq0_reg_reg[1]/D
 undup                      9622     -193     -3001         0        0
            Worst cost_group: clk, WNS: -193.7
            Path: in_sample[4] --> bq0_reg_reg[1]/D
 rem_buf                    9615     -193     -3001         0        0
            Worst cost_group: clk, WNS: -193.7
            Path: in_sample[4] --> bq0_reg_reg[1]/D
 rem_inv                    9607     -193     -3001         0        0
            Worst cost_group: clk, WNS: -193.7
            Path: in_sample[4] --> bq0_reg_reg[1]/D
 merge_bi                   9604     -193     -3001         0        0
            Worst cost_group: clk, WNS: -193.7
            Path: in_sample[4] --> bq0_reg_reg[1]/D
 rem_inv_qb                 9601     -193     -2998         0        0
            Worst cost_group: clk, WNS: -193.7
            Path: in_sample[4] --> bq0_reg_reg[1]/D
 io_phase                   9600     -193     -2998         0        0
            Worst cost_group: clk, WNS: -193.7
            Path: in_sample[4] --> bq0_reg_reg[1]/D
 gate_comp                  9595     -193     -2998         0        0
            Worst cost_group: clk, WNS: -193.7
            Path: in_sample[4] --> bq0_reg_reg[1]/D
 glob_area                  9590     -193     -2997         0        0
            Worst cost_group: clk, WNS: -193.7
            Path: in_sample[4] --> bq0_reg_reg[1]/D

           Trick     Calls     Accepts   Attempts    Time(secs) 
-----------------------------------------------------------
           undup        11  (        3 /        3 )  0.05
         rem_buf       124  (        7 /       23 )  0.26
         rem_inv        66  (       16 /       25 )  0.17
        merge_bi        76  (        4 /       28 )  0.29
      rem_inv_qb        41  (        1 /        1 )  0.06
        io_phase        89  (        3 /       11 )  0.18
       gate_comp       376  (        6 /       19 )  1.38
       gcomp_mog        33  (        0 /        4 )  0.56
       glob_area        57  (       16 /       57 )  0.25
       area_down        36  (        0 /       10 )  0.28
      size_n_buf         1  (        0 /        0 )  0.02
  gate_deco_area         0  (        0 /        0 )  0.00

 
Incremental optimization status
===============================
                                   Group   
                                  Tot Wrst     Total - - DRC Totals - -
                           Total  Weighted      Neg      Max       Max 
Operation                   Area   Slacks      Slack    Trans      Cap 
 init_delay                 9590     -193     -2997         0        0
            Worst cost_group: clk, WNS: -193.7
            Path: in_sample[4] --> bq0_reg_reg[1]/D

           Trick     Calls     Accepts   Attempts    Time(secs) 
-----------------------------------------------------------
        crit_msz        43  (        0 /        5 )  0.13
       crit_upsz        43  (        0 /        0 )  0.04
       crit_slew        43  (        0 /        0 )  0.04
        setup_dn        43  (        0 /        0 )  0.00
    plc_bal_star         0  (        0 /        0 )  0.00
     drc_buftimb         0  (        0 /        0 )  0.00
          plc_st        43  (        0 /        0 )  0.00
    plc_st_fence        43  (        0 /        0 )  0.00
        plc_star        43  (        0 /        0 )  0.00
      plc_laf_st        43  (        0 /        0 )  0.00
 plc_laf_st_fence        43  (        0 /        0 )  0.00
     drc_buftims         0  (        0 /        0 )  0.00
   plc_laf_lo_st        43  (        0 /        0 )  0.00
       plc_lo_st        43  (        0 /        0 )  0.00
            fopt        43  (        0 /        0 )  0.00
       crit_swap        43  (        0 /        1 )  0.03
       mux2_swap        43  (        0 /        0 )  0.00
       crit_dnsz        20  (        0 /        0 )  0.02
       load_swap        43  (        0 /        0 )  0.01
            fopt        43  (        0 /        0 )  0.03
        setup_dn        43  (        0 /        0 )  0.00
       load_isol        43  (        0 /        1 )  0.14
       load_isol        43  (        0 /        0 )  0.03
        move_for        43  (        0 /        0 )  0.01
        move_for        43  (        0 /        0 )  0.00
          rem_bi        43  (        0 /        0 )  0.00
         offload        43  (        0 /        0 )  0.00
          rem_bi        43  (        0 /        1 )  0.01
         offload        43  (        0 /        0 )  0.00
           phase        43  (        0 /        0 )  0.00
        in_phase        43  (        0 /        0 )  0.00
       merge_bit        45  (        0 /        1 )  0.01
     merge_idrvr        43  (        0 /        0 )  0.00
     merge_iload        43  (        0 /        0 )  0.00
    merge_idload        43  (        0 /        0 )  0.00
      merge_drvr        43  (        0 /        1 )  0.02
      merge_load        43  (        0 /        1 )  0.02
          decomp        43  (        0 /        0 )  0.12
        p_decomp        43  (        0 /        0 )  0.05
        levelize        43  (        0 /        3 )  0.03
        mb_split        43  (        0 /        0 )  0.00
             dup        43  (        0 /        0 )  0.00
      mux_retime        43  (        0 /        0 )  0.00
         buf2inv        43  (        0 /        0 )  0.00
             exp         0  (        0 /        0 )  0.00
       gate_deco        24  (        0 /        2 )  0.12
       gcomp_tim        16  (        0 /        1 )  0.06
  inv_pair_2_buf        43  (        0 /        0 )  0.00

 init_drc                   9590     -193     -2997         0        0
            Worst cost_group: clk, WNS: -193.7
            Path: in_sample[4] --> bq0_reg_reg[1]/D

           Trick     Calls     Accepts   Attempts    Time(secs) 
-----------------------------------------------------------
          plc_st         0  (        0 /        0 )  0.00
        plc_star         0  (        0 /        0 )  0.00
        drc_bufs         0  (        0 /        0 )  0.00
        drc_fopt         0  (        0 /        0 )  0.00
        drc_bufb         0  (        0 /        0 )  0.00
      simple_buf         0  (        0 /        0 )  0.00
             dup         0  (        0 /        0 )  0.00
       crit_dnsz         0  (        0 /        0 )  0.00
       crit_upsz         0  (        0 /        0 )  0.00
       crit_slew         0  (        0 /        0 )  0.00


           Trick     Calls     Accepts   Attempts    Time(secs) 
-----------------------------------------------------------
          plc_st         0  (        0 /        0 )  0.00
        plc_star         0  (        0 /        0 )  0.00
        drc_bufs         0  (        0 /        0 )  0.00
        drc_fopt         0  (        0 /        0 )  0.00
        drc_bufb         0  (        0 /        0 )  0.00
      simple_buf         0  (        0 /        0 )  0.00
             dup         0  (        0 /        0 )  0.00
       crit_dnsz         0  (        0 /        0 )  0.00
       crit_upsz         0  (        0 /        0 )  0.00


           Trick     Calls     Accepts   Attempts    Time(secs) 
-----------------------------------------------------------
          plc_st         0  (        0 /        0 )  0.00
        plc_star         0  (        0 /        0 )  0.00
        drc_bufs         0  (        0 /        0 )  0.00
        drc_fopt         0  (        0 /        0 )  0.00
        drc_bufb         0  (        0 /        0 )  0.00
             dup         0  (        0 /        0 )  0.00
       crit_dnsz         0  (        0 /        0 )  0.00
       crit_upsz         0  (        0 /        0 )  0.00

==================================
Stage : incr_opt 
==================================
  =================
   Message Summary
  =================
------------------------------------------------------------------------
|   Id    |Sev  |Count |                 Message Text                  |
------------------------------------------------------------------------
| CFM-1   |Info |    1 |Wrote dofile.                                  |
| CFM-5   |Info |    1 |Wrote formal verification information.         |
| PA-7    |Info |    4 |Resetting power analysis results.              |
|         |     |      |All computed switching activities are removed. |
| SYNTH-5 |Info |    1 |Done mapping.                                  |
| SYNTH-7 |Info |    1 |Incrementally optimizing.                      |
------------------------------------------------------------------------
Info    : Done incrementally optimizing. [SYNTH-8]
        : Done incrementally optimizing 'cascade_biquad_PIPELINE1'.
      flow.cputime  flow.realtime  timing.setup.tns  timing.setup.wns  snapshot
UM:*                                                                   syn_opt
@file(syn.tcl) 21: exec mkdir -p rpt out
@file(syn.tcl) 22: report_timing -max_paths 5  > rpt/timing.rpt
@file(syn.tcl) 23: report_area                 > rpt/area.rpt
@file(syn.tcl) 24: report_gates                > rpt/gates.rpt
@file(syn.tcl) 25: report_power                > rpt/power.rpt
Info    : Joules engine is used. [RPT-16]
        : Joules engine is being used for the command report_power.
Info   : ACTP-0001 [ACTPInfo] Activity propagation started for stim#0 netlist
       : cascade_biquad
Info   : ACTP-0009 [ACTPInfo] Activity Propagation Progress Report :   0%   1%   2%   3%   4%   5%   6%   7%   8%   9%  10%  11%  12%  13%  14%  15%  16%  17%  18%  19%  20%  21%  22%  23%  24%  25%  26%  27%  28%  29%  30%  31%  32%  33%  34%  35%  36%  37%  38%  39%  40%  41%  42%  43%  44%  45%  46%  47%  48%  49%  50%  51%  52%  53%  54%  55%  56%  57%  58%  59%  60%  61%  62%  63%  64%  65%  66%  67%  68%  69%  70%  71%  72%  73%  74%  75%  76%  77%  78%  79%  80%  81%  82%  83%  84%  85%  86%  87%  88%  89%  90%  91%  92%  93%  94%  95%  96%  97%  98%  99% 100%
Info   : ACTP-0001 Activity propagation ended for stim#0
Info   : PWRA-0001 [PwrInfo] compute_power effective options 
       : -mode : vectorless
       : -skip_propagation : 1
       : -frequency_scaling_factor : 1.0
       : -use_clock_freq : stim
       : -stim :/stim#0
       : -fromGenus : 1
Info   : ACTP-0001 Timing initialization started
Info   : ACTP-0001 Timing initialization ended
Info   : PWRA-0002 [PwrInfo] Skipping activity propagation due to -skip_ap
       : option....
Warning: PWRA-0302 [PwrWarn] Frequency scaling is not applicable for vectorless
       : flow. Ignoring frequency scaling.
Warning: PWRA-0304 [PwrWarn] -stim option is not applicable with vectorless mode
       : of power analysis, ignored this option.
Info   : PWRA-0002 Started 'vectorless' power computation.
Info   : PWRA-0009 [PwrInfo] Power Computation Progress Report :  16%  33%  50%  67% 100%
Info   : PWRA-0002 Finished power computation.
Info   : PWRA-0007 [PwrInfo] Completed successfully.
       : Info=6, Warn=2, Error=0, Fatal=0
Output file: rpt/power.rpt
@file(syn.tcl) 27: write_hdl                   > out/netlist.v
@file(syn.tcl) 28: write_sdc                   > out/constraints.sdc
Finished SDC export (command execution time mm:ss (real) = 00:00).
@file(syn.tcl) 30: report_timing -max_paths 1 > rpt/wns.rpt
#@ End verbose source ./syn.tcl
WARNING: This version of the tool is 1294 days old.
@genus:root: 2>                                                                                                                                                                             exit

Lic Summary:
[16:33:53.304355] Cdslmd servers: ece-itop-licsvr
[16:33:53.304370] Feature usage summary:
[16:33:53.304370] Genus_Synthesis

Normal exit.
